conversation_id,turn_index,role,content,tags,source_section
conv_1000,0,system,أنت مساعد إداري مؤسسي يقتبس السياسات حرفيًا عند الحاجة ويجيب بإيجاز رسمي.,تعريف_الدليل,الباب الأول > 1. الغرض من الدليل (ص20–21)
conv_1000,1,user,ما الغرض من الدليل الإداري والمالي لمؤسسة النيزك؟,تعريف_الدليل,الباب الأول > 1. الغرض من الدليل (ص20–21)
conv_1000,2,assistant,يهدف إلى تزويد المؤسسة بمرجع تفصيلي للسياسات والإجراءات الإدارية والموارد البشرية، ويُستخدم كمرجعية يُرجع إليها عند الحاجة بعد إقراره من المؤسسة ومصادقة وزارة العمل وإعلام العاملين به. يتضمن إجراءات عامة ومتطلبات لضمان فاعلية السياسات، مع تفصيل الإجراءات والمسؤوليات لكل نشاط.,تعريف_الدليل,الباب الأول > 1. الغرض من الدليل (ص20–21)
conv_1001,0,system,أنت مساعد امتثال يعرض النقاط الأساسية بوضوح.,سياسات_عامة,الباب الأول > 2. السياسات العامة (ص22)
conv_1001,1,user,ما أبرز السياسات العامة للمؤسسة؟,سياسات_عامة,الباب الأول > 2. السياسات العامة (ص22)
conv_1001,2,assistant,المؤسسة غير هادفة للربح، غير حزبية وغير فئوية، ولا توزع أرباحًا. خدماتها لا تهدف لتحقيق مكاسب مادية، ولا توجد مصالح مادية خاصة للمؤسسين أو المسؤولين.,سياسات_عامة,الباب الأول > 2. السياسات العامة (ص22)
conv_1002,0,system,أنت مساعد اتصالات مؤسسية.,هوية_مؤسسية,الباب الأول > الأهداف والرؤية والرسالة (ص22–23)
conv_1002,1,user,ما الإطار العام والرؤية والرسالة؟,هوية_مؤسسية,الباب الأول > الأهداف والرؤية والرسالة (ص22–23)
conv_1002,2,assistant,الإطار العام: نبني المستقبل. الرؤية: مجتمع فلسطيني مبدع قادر على إنتاج المعرفة العلمية الأصيلة وتوظيفها في التنمية المستدامة. الرسالة: تطوير كفايات الشباب الفلسطيني العلمية والتكنولوجية والريادية والهندسية وإنشاء فرص اقتصادية واجتماعية واعدة عبر برامج متخصصة ملهمة.,هوية_مؤسسية,الباب الأول > الأهداف والرؤية والرسالة (ص22–23)
conv_1003,0,system,أنت مساعد موارد بشرية.,مبادئ_العمل,الباب الأول > مبادئ وأخلاقيات العمل (ص23–29)
conv_1003,1,user,اذكر مبادئ العمل للموظف الناجح؟,مبادئ_العمل,الباب الأول > مبادئ وأخلاقيات العمل (ص23–29)
conv_1003,2,assistant,1) الرشاقة والمرونة، 2) التعلم المستمر، 3) التفكير الجيد، 4) المبادرة واتخاذ القرار ضمن الصلاحيات، 5) لا تُعلّم من لا يريد، 6) الاعتماد على النفس، 7) التعلم من خبرات الآخرين وعدم اختراع العجل، 8) تعزيز المسؤولية الفردية، 9) الإبداع وعدم التقليد مع توثيق العمل، 10) صناعة الفرق.,مبادئ_العمل,الباب الأول > مبادئ وأخلاقيات العمل (ص23–29)
conv_1004,0,system,أنت مساعد موارد بشرية.,أخلاقيات_العمل,الباب الأول > أخلاقيات العمل (ص26–27)
conv_1004,1,user,ما أخلاقيات العمل المعتمدة؟,أخلاقيات_العمل,الباب الأول > أخلاقيات العمل (ص26–27)
conv_1004,2,assistant,الأمانة والصدق، الشفافية والنزاهة، التواضع، الشراكة بالمساواة، الاحترام وعدم الاستغلال، الولاء والثقة، الشغف، الإصرار.,أخلاقيات_العمل,الباب الأول > أخلاقيات العمل (ص26–27)
conv_1005,0,system,أنت مساعد موارد بشرية.,مفاتيح_النجاح,الباب الأول > مفاتيح النجاح (ص27–28)
conv_1005,1,user,ما مفاتيح النجاح للاستمرار والتقدم؟,مفاتيح_النجاح,الباب الأول > مفاتيح النجاح (ص27–28)
conv_1005,2,assistant,أن تكون: مهنيًا جدًا، مبادرًا جدًا، باحثًا أصيلاً، وتعتمد العلم لا أنصاف المعلومات والفرضيات غير المدروسة.,مفاتيح_النجاح,الباب الأول > مفاتيح النجاح (ص27–28)
conv_1006,0,system,أنت مساعد موارد بشرية.,آليات_التسهيل,الباب الأول > آلية تسهيل العمل (ص28–29)
conv_1006,1,user,ما الآلية المقترحة لتسهيل العمل داخل المؤسسة؟,آليات_التسهيل,الباب الأول > آلية تسهيل العمل (ص28–29)
conv_1006,2,assistant,مراجعة المواد قبل إرسالها، عدم الادعاء بغير المعرفة، اعتماد الشفافية بإرسال نسخ للمعنيين والمدير المباشر، والاستشارة فيما لست خبيرًا به أو تقوم به لأول مرة.,آليات_التسهيل,الباب الأول > آلية تسهيل العمل (ص28–29)
conv_1007,0,system,أنت مساعد موارد بشرية.,شؤون_الموظفين,الباب الأول > 3. شؤون الموظفين (ص29–31)
conv_1007,1,user,ما هدف قسم شؤون الموظفين وما سياساته العامة؟,شؤون_الموظفين,الباب الأول > 3. شؤون الموظفين (ص29–31)
conv_1007,2,assistant,الهدف: عرض السياسات والإجراءات المتعلقة بالتوظيف والدوام والرواتب والتقييم والترقيات وإنهاء الخدمات. السياسات: الموظفون أهم موجودات المؤسسة؛ بيئة مهنية؛ اعتماد الكفاءة والمؤهلات دون تمييز؛ الالتزام بقانون العمل الفلسطيني؛ توظيف ذوي الإعاقة قدر الإمكان؛ سلم رواتب معتدل؛ تقييم دوري للأداء.,شؤون_الموظفين,الباب الأول > 3. شؤون الموظفين (ص29–31)
conv_1008,0,system,أنت مسؤول توظيف.,التوظيف_العملية,الباب الأول > 3.1.1 عملية التوظيف والاختيار (ص31)
conv_1008,1,user,كيف تُعرّف عملية التوظيف والاختيار؟,التوظيف_العملية,الباب الأول > 3.1.1 عملية التوظيف والاختيار (ص31)
conv_1008,2,assistant,هي البحث واختيار الأكثر تأهلاً لشغل المنصب أو تنفيذ المهمة المطلوبة.,التوظيف_العملية,الباب الأول > 3.1.1 عملية التوظيف والاختيار (ص31)
conv_1009,0,system,أنت مسؤول موارد بشرية.,قائمة_مرجعية_وظيفة,الباب الأول > 3.1.2 قائمة المرجعية (ص32)
conv_1009,1,user,ما محتويات قائمة المرجعية للوظيفة؟,قائمة_مرجعية_وظيفة,الباب الأول > 3.1.2 قائمة المرجعية (ص32)
conv_1009,2,assistant,المسمى والدرجة الوظيفية، الراتب الشهري المتوافق مع سلم الرواتب، مدة العقد/العمل، وصف موجز، وقائمة مفصلة بالمهام والمسؤوليات.,قائمة_مرجعية_وظيفة,الباب الأول > 3.1.2 قائمة المرجعية (ص32)
conv_1010,0,system,أنت مسؤول توظيف.,معايير_الاختيار,الباب الأول > 3.1.3 معايير الاختيار (ص33)
conv_1010,1,user,ما معايير الاختيار؟,معايير_الاختيار,الباب الأول > 3.1.3 معايير الاختيار (ص33)
conv_1010,2,assistant,مزيج من المؤهلات العلمية والمهارات والخبرات والصفات الشخصية التي تثبت قدرة المرشح على أداء الوظيفة.,معايير_الاختيار,الباب الأول > 3.1.3 معايير الاختيار (ص33)
conv_1011,0,system,أنت مسؤول توظيف.,إعلان_وظائف,الباب الأول > 3.1.4 الإعلان عن الوظائف (ص34–35)
conv_1011,1,user,أين وكيف يتم الإعلان عن الوظائف؟,إعلان_وظائف,الباب الأول > 3.1.4 الإعلان عن الوظائف (ص34–35)
conv_1011,2,assistant,على أوسع نطاق: مواقع التوظيف، جريدة القدس، موقع المؤسسة، وسائل التواصل الاجتماعي. يجب موافقة الرئيس التنفيذي مسبقًا على كل إعلان.,إعلان_وظائف,الباب الأول > 3.1.4 الإعلان عن الوظائف (ص34–35)
conv_1012,0,system,أنت مساعد توظيف.,لجنة_الاختيار,الباب الأول > 3.1.5.1 لجان الاختيار (ص35–36)
conv_1012,1,user,من تتكون لجنة المقابلات؟,لجنة_الاختيار,الباب الأول > 3.1.5.1 لجان الاختيار (ص35–36)
conv_1012,2,assistant,من ثلاثة موظفين على الأقل: مسؤول الموارد البشرية، المسؤول المباشر، وأي عضو يكلّفه الرئيس التنفيذي.,لجنة_الاختيار,الباب الأول > 3.1.5.1 لجان الاختيار (ص35–36)
conv_1013,0,system,أنت مساعد توظيف.,عملية_الاختيار,الباب الأول > 3.1.5.2 عملية الاختيار (ص36–37)
conv_1013,1,user,ما خطوات فرز المرشحين والاختبارات؟,عملية_الاختيار,الباب الأول > 3.1.5.2 عملية الاختيار (ص36–37)
conv_1013,2,assistant,فرز السير ذاتيًا، ثم دعوة المؤهلين لامتحان كتابي لفحص القدرات، ثم مقابلة أولية بحسب النتائج، ثم اختيار أفضل ثلاثة لمقابلة ثانية مع الرئيس التنفيذي.,عملية_الاختيار,الباب الأول > 3.1.5.2 عملية الاختيار (ص36–37)
conv_1014,0,system,أنت مسؤول موارد بشرية.,التحقق_من_المعرفين,الباب الأول > 3.1.5.3 التحقق من المعرفين (ص38)
conv_1014,1,user,كيف يتم التحقق من المعرفين؟,التحقق_من_المعرفين,الباب الأول > 3.1.5.3 التحقق من المعرفين (ص38)
conv_1014,2,assistant,بتعبئة نموذج التحقق المعتمد والحصول على أسماء وبيانات اتصال المعرفين بإذن المرشح.,التحقق_من_المعرفين,الباب الأول > 3.1.5.3 التحقق من المعرفين (ص38)
conv_1015,0,system,أنت مساعد توظيف.,موافقة_التوظيف,الباب الأول > 3.1.5.4 الموافقات (ص38)
conv_1015,1,user,كيف تُستكمل الموافقات النهائية؟,موافقة_التوظيف,الباب الأول > 3.1.5.4 الموافقات (ص38)
conv_1015,2,assistant,يُعد مسؤول الموارد البشرية تقرير لجنة التوظيف بنتائج وآلية الاختيار ثم يُحال للجنة والرئيس التنفيذي للموافقة النهائية.,موافقة_التوظيف,الباب الأول > 3.1.5.4 الموافقات (ص38)
conv_1016,0,system,أنت مساعد توظيف.,امتحانات_التوظيف,الباب الأول > 3.1.5.5 عملية التوظيف (ص39)
conv_1016,1,user,ما الامتحانات المستخدمة؟,امتحانات_التوظيف,الباب الأول > 3.1.5.5 عملية التوظيف (ص39)
conv_1016,2,assistant,امتحان كتابي لتقييم المعرفة والمهارات والخبرة. وللوظائف العليا فقط: امتحان شخصية Insight Discovery للتأكد من الملاءمة.,امتحانات_التوظيف,الباب الأول > 3.1.5.5 عملية التوظيف (ص39)
conv_1017,0,system,أنت مساعد توظيف.,طلب_إجراء_تعاقد,الباب الأول > 3.1.5.6 طلب إجراء تعاقد (ص40)
conv_1017,1,user,ما خطوات طلب إجراء تعاقد؟,طلب_إجراء_تعاقد,الباب الأول > 3.1.5.6 طلب إجراء تعاقد (ص40)
conv_1017,2,assistant,يقدّم المسؤول المباشر الطلب محددًا المهام، الدوام، الراتب، والشروط. بعد مصادقة الرئيس التنفيذي يُرسل عرض العمل ثم يُحضّر عقد العمل.,طلب_إجراء_تعاقد,الباب الأول > 3.1.5.6 طلب إجراء تعاقد (ص40)
conv_1018,0,system,أنت مساعد قانوني.,عقود_العمل,الباب الأول > 3.1.5.7 عقود العمل (ص40–43)
conv_1018,1,user,ما أنواع عقود العمل وفترة التجربة؟,عقود_العمل,الباب الأول > 3.1.5.7 عقود العمل (ص40–43)
conv_1018,2,assistant,تبدأ بفترة تجربة ثلاثة أشهر (لا تُكرر). الأنواع: عقد مؤقت محدد المدة (حتى 12 شهرًا، والتجديد لا يتجاوز سنتين متتاليتين)، وعقد دائم بعد عامين، وعقود توريد خدمات للمستشارين والخبراء.,عقود_العمل,الباب الأول > 3.1.5.7 عقود العمل (ص40–43)
conv_1019,0,system,أنت مساعد موارد بشرية.,شؤون_إدارية_للجدد,الباب الأول > 3.1.6.1 الأمور الإدارية (ص44)
conv_1019,1,user,ما المهام الإدارية عند تعيين موظف جديد؟,شؤون_إدارية_للجدد,الباب الأول > 3.1.6.1 الأمور الإدارية (ص44)
conv_1019,2,assistant,استكمال ملف الموظف والتواقيع والتحديثات الدورية، وتزويد الموظف والمالية بنسخ من الكتب الرسمية الصادرة له.,شؤون_إدارية_للجدد,الباب الأول > 3.1.6.1 الأمور الإدارية (ص44)
conv_1020,0,system,أنت مسؤول ملفات.,وثائق_ملف_الموظف,الباب الأول > 3.1.6.2 الوثائق المطلوبة (ص45–46)
conv_1020,1,user,ما الوثائق المطلوبة لملف الموظف؟,وثائق_ملف_الموظف,الباب الأول > 3.1.6.2 الوثائق المطلوبة (ص45–46)
conv_1020,2,assistant,صورة شخصية، طلب عمل، نتيجة الامتحان الكتابي، نتيجة امتحان الشخصية (للعليا)، سيرة ذاتية، تقرير لجنة التوظيف، هوية/جواز، نموذج الحفاظ على السرية/NDA، عقد العمل والوصف الوظيفي، الشهادات العلمية والعملية، تقييم الأداء، كتب وأوامر التكليف، معلومات الحساب البنكي، تفويضات، مخالصات وبراءة ذمة، وكتب رسمية.,وثائق_ملف_الموظف,الباب الأول > 3.1.6.2 الوثائق المطلوبة (ص45–46)
conv_1021,0,system,أنت مساعد نظم.,احتياجات_الخدمة,الباب الأول > 3.1.6.3 احتياجات الموظف (ص46–47)
conv_1021,1,user,ما الذي يُوفَّر للموظف لبدء العمل؟,احتياجات_الخدمة,الباب الأول > 3.1.6.3 احتياجات الموظف (ص46–47)
conv_1021,2,assistant,بريد إلكتروني، صلاحيات على الخادم، حساب على النظام المالي والإداري، وعهدة (حاسوب وبطاقة موظف) مع توقيع نموذج الاستلام.,احتياجات_الخدمة,الباب الأول > 3.1.6.3 احتياجات الموظف (ص46–47)
conv_1022,0,system,أنت مساعد قانوني.,إنهاء_الخدمة_تعريف,الباب الأول > 3.2 إنهاء الخدمة (ص47)
conv_1022,1,user,ما المقصود بإنهاء الخدمة؟,إنهاء_الخدمة_تعريف,الباب الأول > 3.2 إنهاء الخدمة (ص47)
conv_1022,2,assistant,هو قطع نهائي وغير قابل للإلغاء لعلاقة العمل، وفق الحالات التي نص عليها القانون أو السياسة.,إنهاء_الخدمة_تعريف,الباب الأول > 3.2 إنهاء الخدمة (ص47)
conv_1023,0,system,أنت مساعد قانوني.,استقالة,الباب الأول > 3.2.1 الاستقالة (ص47–49)
conv_1023,1,user,ما إجراءات الاستقالة ومكافأة نهاية الخدمة؟,استقالة,الباب الأول > 3.2.1 الاستقالة (ص47–49)
conv_1023,2,assistant,تُقدَّم استقالة خطية قبل شهر. تُصرف مكافأة نهاية الخدمة وبدل الإجازات وفق قانون العمل: ثلث أجر عن كل سنة (1–5 سنوات)، ثلثي أجر (5–10)، وأجر شهر عن كل سنة (10+). تحتسب على آخر أجر أساسي دون الإضافي.,استقالة,الباب الأول > 3.2.1 الاستقالة (ص47–49)
conv_1024,0,system,أنت مساعد قانوني.,إجراءات_الإنهاء,الباب الأول > 3.2.2 الإجراءات النهائية (ص50–51)
conv_1024,1,user,كيف تُدار إجراءات إنهاء العقد؟,إجراءات_الإنهاء,الباب الأول > 3.2.2 الإجراءات النهائية (ص50–51)
conv_1024,2,assistant,يتولى الموارد البشرية الإجراءات، ويُتوقع إشعار خطي قبل شهر. عند إنهاء المؤسسة للعقد بعد استنفاد وسائل الإصلاح يُبلغ الموظف بكتاب فصل موقّع من الرئيس التنفيذي قبل شهر وتصرف مكافأة نهاية الخدمة (أجر شهر/سنة).,إجراءات_الإنهاء,الباب الأول > 3.2.2 الإجراءات النهائية (ص50–51)
conv_1025,0,system,أنت مساعد قانوني.,ظروف_غير_متوقعة,الباب الأول > 3.2.3 ظروف غير متوقعة (ص52–53)
conv_1025,1,user,متى تُنهى الخدمات لأسباب غير متوقعة؟,ظروف_غير_متوقعة,الباب الأول > 3.2.3 ظروف غير متوقعة (ص52–53)
conv_1025,2,assistant,عند إعادة الهيكلة، حل المؤسسة لأسباب سياسية/اقتصادية، أو لأسباب مالية. تمنح المؤسسة إشعارًا 30 يومًا أو بدل إشعار، وتُعاد الممتلكات فورًا وتُصرف المستحقات خلال 30 يومًا.,ظروف_غير_متوقعة,الباب الأول > 3.2.3 ظروف غير متوقعة (ص52–53)
conv_1026,0,system,أنت مساعد مشاريع.,إنجاز_مشروع,الباب الأول > 3.2.4 الإحالة/إنجاز المشروع (ص53–54)
conv_1026,1,user,ما وضع عقود المحدد المدة عند انتهاء المشروع؟,إنجاز_مشروع,الباب الأول > 3.2.4 الإحالة/إنجاز المشروع (ص53–54)
conv_1026,2,assistant,تنتهي عند انتهاء المدة وفق المادة (25) من قانون العمل، وتبذل المؤسسة جهدًا لدعم ذوي الأداء الجيد لإيجاد فرص داخلية أو خارجية.,إنجاز_مشروع,الباب الأول > 3.2.4 الإحالة/إنجاز المشروع (ص53–54)
conv_1027,0,system,أنت مساعد موارد بشرية.,إنذارات_وإنهاء,الباب الأول > 3.2.5 الإنذارات وإنهاء لسبب (ص54–55)
conv_1027,1,user,ما أسباب إنهاء العمل لسبب معين؟,إنذارات_وإنهاء,الباب الأول > 3.2.5 الإنذارات وإنهاء لسبب (ص54–55)
conv_1027,2,assistant,تقصير في الأداء، غياب غير مبرر، إساءة استخدام ممتلكات المؤسسة، خرق السرية، سوء سلوك جسيم، شبهات جنائية/أخلاقية، مع مراعاة التدرج وفق لائحة الجزاءات.,إنذارات_وإنهاء,الباب الأول > 3.2.5 الإنذارات وإنهاء لسبب (ص54–55)
conv_1028,0,system,أنت مساعد حضور وانصراف.,ساعات_العمل,الباب الأول > 3.3 ساعات العمل (ص55)
conv_1028,1,user,ما ساعات العمل الرسمية؟,ساعات_العمل,الباب الأول > 3.3 ساعات العمل (ص55)
conv_1028,2,assistant,من الأحد إلى الخميس، 8:00–17:00، بإجمالي 42.5 ساعة أسبوعيًا. تغييرها يتطلب إذنًا خطيًا من الرئيس التنفيذي.,ساعات_العمل,الباب الأول > 3.3 ساعات العمل (ص55)
conv_1029,0,system,أنت مساعد حضور.,رمضان,الباب الأول > 3.3.1 رمضان (ص56)
conv_1029,1,user,ما ساعات العمل في رمضان؟,رمضان,الباب الأول > 3.3.1 رمضان (ص56)
conv_1029,2,assistant,8:30–15:00، بمتوسط 32.5 ساعة أسبوعيًا.,رمضان,الباب الأول > 3.3.1 رمضان (ص56)
conv_1030,0,system,أنت مساعد رواتب.,عمل_إضافي,الباب الأول > 3.3.2 العمل الإضافي (ص56–57)
conv_1030,1,user,كيف يُدار العمل الإضافي؟,عمل_إضافي,الباب الأول > 3.3.2 العمل الإضافي (ص56–57)
conv_1030,2,assistant,بموجب تكليف خطي مُسبق. يُحتسب وفق المادة (71) من قانون العمل الفلسطيني. ما لم تتم الموافقة يخضع الموظف للإجراءات التأديبية.,عمل_إضافي,الباب الأول > 3.3.2 العمل الإضافي (ص56–57)
conv_1031,0,system,أنت مساعد موارد بشرية.,العمل_في_العطل,الباب الأول > 3.3.3 العطل (ص57–58)
conv_1031,1,user,ما سياسة العمل في أيام العطل؟,العمل_في_العطل,الباب الأول > 3.3.3 العطل (ص57–58)
conv_1031,2,assistant,يُتجنب العمل خلال العطل، وفي الحالات الطارئة يتم بموافقة الموظف وإذن خطي من الرئيس التنفيذي مع نماذج وكشوف معتمدة.,العمل_في_العطل,الباب الأول > 3.3.3 العطل (ص57–58)
conv_1032,0,system,أنت مساعد تخطيط.,جداول_وتقارير,الباب الأول > 3.4 (ص58–60)
conv_1032,1,user,كيف تُدار الجداول الزمنية والتقارير؟,جداول_وتقارير,الباب الأول > 3.4 (ص58–60)
conv_1032,2,assistant,تفريغ كشف الساعات وتقرير المهام شهريًا (يوم 26)، تعتمد لإنجاز الرواتب وتقييم الأداء. التأخير: أول 15 دقيقة مسموح حتى 3 مرات شهريًا مع التعويض في نفس اليوم وإلا تُطبق الجزاءات.,جداول_وتقارير,الباب الأول > 3.4 (ص58–60)
conv_1033,0,system,أنت مساعد مالي.,دفع_الرواتب,الباب الأول > 3.5 إجراءات دفع الرواتب (ص61)
conv_1033,1,user,متى وكيف تُدفع الرواتب؟,دفع_الرواتب,الباب الأول > 3.5 إجراءات دفع الرواتب (ص61)
conv_1033,2,assistant,شهريًا عبر إيداع بنكي حتى اليوم الخامس من كل شهر.,دفع_الرواتب,الباب الأول > 3.5 إجراءات دفع الرواتب (ص61)
conv_1034,0,system,أنت مساعد مالي.,عملة_الراتب,الباب الأول > 3.5.1 عملة الراتب (ص61–62)
conv_1034,1,user,ما عملة الراتب؟ وكيف تُدار المشاريع بعملات مختلفة؟,عملة_الراتب,الباب الأول > 3.5.1 عملة الراتب (ص61–62)
conv_1034,2,assistant,الشيكل. للمشاريع بعملات أخرى، يتم الاحتساب بسعر الصرف المحلي يوم التحويل.,عملة_الراتب,الباب الأول > 3.5.1 عملة الراتب (ص61–62)
conv_1035,0,system,أنت مساعد تعويضات.,مرتبات_أولية,الباب الأول > 3.5.2 تحديد المرتبات الأولية (ص62)
conv_1035,1,user,كيف تحدد المرتبات الأولية؟,مرتبات_أولية,الباب الأول > 3.5.2 تحديد المرتبات الأولية (ص62)
conv_1035,2,assistant,بشكل واقعي وفق معدل الرواتب في فلسطين.,مرتبات_أولية,الباب الأول > 3.5.2 تحديد المرتبات الأولية (ص62)
conv_1036,0,system,أنت مساعد مالي.,تصنيف_الرواتب,الباب الأول > 3.5.3 تصنيف الرواتب (ص62)
conv_1036,1,user,ما أسس تصنيف الرواتب؟,تصنيف_الرواتب,الباب الأول > 3.5.3 تصنيف الرواتب (ص62)
conv_1036,2,assistant,سنوات الخبرة، المسمى، المؤهلات، تقييم الأداء، العلاوات. الوثيقة سرية داخلية.,تصنيف_الرواتب,الباب الأول > 3.5.3 تصنيف الرواتب (ص62)
conv_1037,0,system,أنت مساعد مالي.,بدل_مواصلات,الباب الأول > 3.5.4 بدل المواصلات (ص63–64)
conv_1037,1,user,كيف يُحسب بدل المواصلات؟,بدل_مواصلات,الباب الأول > 3.5.4 بدل المواصلات (ص63–64)
conv_1037,2,assistant,داخل المدينة بسيارة خاصة حتى 4 طن: 1 شيكل/كم. بين المدن: 0.7 شيكل/كم. لا تُغطى رحلة المنزل↔العمل.,بدل_مواصلات,الباب الأول > 3.5.4 بدل المواصلات (ص63–64)
conv_1038,0,system,أنت مساعد مالي.,بدل_اتصالات,الباب الأول > 3.5.5 بدل الاتصالات (ص65–67)
conv_1038,1,user,ما سياسة الهواتف المحمولة؟,بدل_اتصالات,الباب الأول > 3.5.5 بدل الاتصالات (ص65–67)
conv_1038,2,assistant,يُمنح هاتف لدرجة مدير فرع فأعلى، وتسدد المؤسسة قيمة الباقة المعتمدة فقط. الدقائق المجانية تُحول لرقم المؤسسة العام.,بدل_اتصالات,الباب الأول > 3.5.5 بدل الاتصالات (ص65–67)
conv_1039,0,system,أنت مساعد تعويضات.,زيادات_الرواتب,الباب الأول > 3.5.6 زيادات الرواتب (ص67–71)
conv_1039,1,user,ما أنواع زيادات الرواتب؟,زيادات_الرواتب,الباب الأول > 3.5.6 زيادات الرواتب (ص67–71)
conv_1039,2,assistant,ثلاثة: بناءً على تقييم الأداء، التقدم وإعادة التصنيف، وتعديل تكاليف المعيشة (غلاء المعيشة).,زيادات_الرواتب,الباب الأول > 3.5.6 زيادات الرواتب (ص67–71)
conv_1040,0,system,أنت مساعد أداء.,تقييم_الأداء,الباب الأول > 3.6 (ص67–69)
conv_1040,1,user,متى وكيف يتم تقييم الأداء؟,تقييم_الأداء,الباب الأول > 3.6 (ص67–69)
conv_1040,2,assistant,بعد ثلاثة أشهر وفي الربع الأخير سنويًا. وفق الوصف الوظيفي وإنجازات وفشل الموظف. التقييم الممتاز قد يوصي بزيادة راتب.,تقييم_الأداء,الباب الأول > 3.6 (ص67–69)
conv_1041,0,system,أنت مساعد موارد بشرية.,التقدم_وإعادة_تصنيف,الباب الأول > 3.6.1 (ص69–70)
conv_1041,1,user,ما سياسة التقدم وإعادة التصنيف؟,التقدم_وإعادة_تصنيف,الباب الأول > 3.6.1 (ص69–70)
conv_1041,2,assistant,تعزيز الموظفين عند أدائهم فوق المواصفات، وبموافقة الرئيس التنفيذي.,التقدم_وإعادة_تصنيف,الباب الأول > 3.6.1 (ص69–70)
conv_1042,0,system,أنت مساعد مالي.,غلاء_المعيشة,الباب الأول > 3.6.2 (ص71)
conv_1042,1,user,كيف تُدار علاوة غلاء المعيشة؟,غلاء_المعيشة,الباب الأول > 3.6.2 (ص71)
conv_1042,2,assistant,وفق القانون الساري والنسب التي تحددها الدولة.,غلاء_المعيشة,الباب الأول > 3.6.2 (ص71)
conv_1043,0,system,أنت مساعد مزايا.,التأمينات,الباب الأول > 3.7.1 (ص72–73)
conv_1043,1,user,ما التأمينات المتوفرة؟,التأمينات,الباب الأول > 3.7.1 (ص72–73)
conv_1043,2,assistant,تأمين إصابة عمل لجميع العاملين. والتأمين الصحي للعقود الطويلة (سنويًا) بمساهمة 50% من المؤسسة و50% من الموظف، والانضمام اختياري.,التأمينات,الباب الأول > 3.7.1 (ص72–73)
conv_1044,0,system,أنت مساعد مزايا.,أعياد_رسمية,الباب الأول > 3.7.2 (ص73)
conv_1044,1,user,هل الأعياد الرسمية تخصم من الإجازة السنوية؟,أعياد_رسمية,الباب الأول > 3.7.2 (ص73)
conv_1044,2,assistant,لا، هي إجازات مدفوعة لا تُحتسب من السنوية.,أعياد_رسمية,الباب الأول > 3.7.2 (ص73)
conv_1045,0,system,أنت مساعد حضور.,سياسة_المغادرة,الباب الأول > 3.7.3 (ص74–75)
conv_1045,1,user,ما سياسة المغادرة الساعية؟,سياسة_المغادرة,الباب الأول > 3.7.3 (ص74–75)
conv_1045,2,assistant,تُقدم عبر النظام المحوسب وتُخصم من السنوية عند تجميعها. حد المرة الواحدة 3 ساعات وبحد أقصى 8.5 ساعات شهريًا.,سياسة_المغادرة,الباب الأول > 3.7.3 (ص74–75)
conv_1046,0,system,أنت مساعد مزايا.,الإجازة_السنوية,الباب الأول > 3.7.4 (ص75–77)
conv_1046,1,user,كم رصيد الإجازة السنوية حسب الأقدمية؟,الإجازة_السنوية,الباب الأول > 3.7.4 (ص75–77)
conv_1046,2,assistant,14 يومًا لأول سنتين، 18 بعد سنتين، 21 بعد أربع سنوات. لا تُجمع لأكثر من سنتين متتاليتين.,الإجازة_السنوية,الباب الأول > 3.7.4 (ص75–77)
conv_1047,0,system,أنت مساعد مزايا.,أيام_الأعياد_التفصيل,الباب الأول > 3.7.5 (ص78)
conv_1047,1,user,ما الأعياد الرسمية بالتفصيل؟,أيام_الأعياد_التفصيل,الباب الأول > 3.7.5 (ص78)
conv_1047,2,assistant,رأس السنة الميلادية (1)، الإسراء والمعراج (1)، العمال (1)، الفطر (3+1 قبل العيد)، الأضحى (4+1 قبل العيد)، رأس السنة الهجرية (1)، المولد النبوي (1)، الاستقلال (1). للمسيحيين: الشعانين، أحد الفصح، عيد الميلاد (يوم قبل + يوم العيد + اليوم التالي). للنساء: يوم المرأة العالمي (8 آذار).,أيام_الأعياد_التفصيل,الباب الأول > 3.7.5 (ص78)
conv_1048,0,system,أنت مساعد مزايا.,الإجازة_المرضية,الباب الأول > 3.7.6 (ص79–81)
conv_1048,1,user,ما الإجازة المرضية؟,الإجازة_المرضية,الباب الأول > 3.7.6 (ص79–81)
conv_1048,2,assistant,14 يومًا بأجر كامل مع تقرير طبي (حتى لو ليوم واحد). عند استمرار المرض: 14 يومًا إضافية بنصف الراتب.,الإجازة_المرضية,الباب الأول > 3.7.6 (ص79–81)
conv_1049,0,system,أنت مساعد مزايا.,سنوية_غير_مستخدمة,الباب الأول > 3.7.7 (ص81–82)
conv_1049,1,user,هل يمكن ترحيل الإجازة السنوية؟,سنوية_غير_مستخدمة,الباب الأول > 3.7.7 (ص81–82)
conv_1049,2,assistant,يسمح بتجميع لعامين كحد أقصى. لا يمكن الاستعارة من العام القادم إلا استثنائيًا وبموافقة خطية من الرئيس التنفيذي.,سنوية_غير_مستخدمة,الباب الأول > 3.7.7 (ص81–82)
conv_1050,0,system,أنت مساعد مزايا.,مرضية_غير_مستخدمة,الباب الأول > 3.7.8 (ص82)
conv_1050,1,user,هل تُرحّل الإجازات المرضية؟,مرضية_غير_مستخدمة,الباب الأول > 3.7.8 (ص82)
conv_1050,2,assistant,لا، تُلغى بانتهاء العام الميلادي.,مرضية_غير_مستخدمة,الباب الأول > 3.7.8 (ص82)
conv_1051,0,system,أنت مساعد مزايا.,إجازة_الأمومة_والأبوة,الباب الأول > 3.7.9 (ص83–85)
conv_1051,1,user,ما إجازة الأمومة وهل هناك إجازة أبوة؟,إجازة_الأمومة_والأبوة,الباب الأول > 3.7.9 (ص83–85)
conv_1051,2,assistant,الأمومة: 10 أسابيع بأجر كامل لمن أتمت 180 يوم عمل، على أن لا تقل 6 أسابيع بعد الولادة. ساعة رضاعة لمدة عام. الأبوة: 3 أيام.,إجازة_الأمومة_والأبوة,الباب الأول > 3.7.9 (ص83–85)
conv_1052,0,system,أنت مساعد مزايا.,إجازة_الحداد,الباب الأول > 3.7.10 (ص85–86)
conv_1052,1,user,ما إجازة الحداد؟,إجازة_الحداد,الباب الأول > 3.7.10 (ص85–86)
conv_1052,2,assistant,3 أيام للقرابة حتى الدرجة الثانية، وتمتد للدرجة الثالثة إذا أقيم العزاء في بيت الموظف.,إجازة_الحداد,الباب الأول > 3.7.10 (ص85–86)
conv_1053,0,system,أنت مساعد مزايا.,إجازة_الحج,الباب الأول > 3.7.11 (ص86–87)
conv_1053,1,user,ما إجازة الحج؟,إجازة_الحج,الباب الأول > 3.7.11 (ص86–87)
conv_1053,2,assistant,أسبوعان بأجر كامل لمرة واحدة لمن أمضى 5 سنوات في العمل.,إجازة_الحج,الباب الأول > 3.7.11 (ص86–87)
conv_1054,0,system,أنت مساعد موارد بشرية.,غياب_بدون_مبرر,الباب الأول > 3.7.12 (ص88–90)
conv_1054,1,user,ما أثر الغياب غير الموافق عليها؟,غياب_بدون_مبرر,الباب الأول > 3.7.12 (ص88–90)
conv_1054,2,assistant,الغياب 15 يومًا متقطعة في السنة أو 7 متتالية دون عذر مقبول يجيز إنهاء العمل. تُرسل تحذيرات كتابية ضمن المدد المحددة.,غياب_بدون_مبرر,الباب الأول > 3.7.12 (ص88–90)
conv_1055,0,system,أنت مساعد مزايا.,إجازة_بدون_مرتب,الباب الأول > 3.7.13 (ص90)
conv_1055,1,user,هل تشجع المؤسسة الإجازة بدون مرتب؟,إجازة_بدون_مرتب,الباب الأول > 3.7.13 (ص90)
conv_1055,2,assistant,لا تشجعها إلا في الحالات المحددة (المرضية/الأمومة بعد تجاوز الحدود القانونية) وبما هو مبين في السياسة.,إجازة_بدون_مرتب,الباب الأول > 3.7.13 (ص90)
conv_1056,0,system,أنت مساعد مزايا.,إجازة_ثقافية,الباب الأول > 3.7.14 (ص90–92)
conv_1056,1,user,ما الإجازة الثقافية؟,إجازة_ثقافية,الباب الأول > 3.7.14 (ص90–92)
conv_1056,2,assistant,إجازة مدفوعة لا تزيد عن 7 أيام عمل متتالية أو مجزأة سنويًا، مع أولوية لمن لم يشارك سابقًا.,إجازة_ثقافية,الباب الأول > 3.7.14 (ص90–92)
conv_1057,0,system,أنت مساعد حضور.,إنذارات_الغياب,الباب الأول > 3.7.15 (ص92–93)
conv_1057,1,user,ما المطلوب في الإجازات المرضية الطارئة؟,إنذارات_الغياب,الباب الأول > 3.7.15 (ص92–93)
conv_1057,2,assistant,الاتصال بالمشرف في ساعات الصباح المبكر كل يوم غياب.,إنذارات_الغياب,الباب الأول > 3.7.15 (ص92–93)
conv_1058,0,system,أنت مساعد تدريب.,التدريب_العام,الباب الأول > 3.8 (ص93–98)
conv_1058,1,user,ما سياسة التدريب لدى المؤسسة؟,التدريب_العام,الباب الأول > 3.8 (ص93–98)
conv_1058,2,assistant,تقديم التدريب المقرر والمدفوع بالكامل داخليًا أو خارجيًا خلال ساعات العمل، مثل التوجيه للموظفين الجدد، تدريب البرامج، التدريب الفردي (لغات/إدارة)، والمؤتمرات والندوات.,التدريب_العام,الباب الأول > 3.8 (ص93–98)
conv_1059,0,system,أنت مساعد تدريب.,تدريب_الأفراد,الباب الأول > 3.8.1 (ص95–97)
conv_1059,1,user,كيف تُدار فرص تدريب الأفراد؟,تدريب_الأفراد,الباب الأول > 3.8.1 (ص95–97)
conv_1059,2,assistant,تساعد المؤسسة موظفيها عبر الوقت أو المساعدة النقدية أو كليهما، بحد أقصى تدريبَين سنويًا لكل موظف.,تدريب_الأفراد,الباب الأول > 3.8.1 (ص95–97)
conv_1060,0,system,أنت مساعد خدمات.,ضيافة_التدريبات,الباب الأول > 3.8.1.1 (ص98–99)
conv_1060,1,user,كيف تُحدد ضيافة التدريبات وورش العمل؟,ضيافة_التدريبات,الباب الأول > 3.8.1.1 (ص98–99)
conv_1060,2,assistant,حتى 3 ساعات: مشروب وضيافة خفيفة. 3–6 ساعات: إضافة وجبة خفيفة (ساندويتش لحوم بيضاء). أكثر من 6 ساعات: وجبة غداء (بيضاء/حمراء).,ضيافة_التدريبات,الباب الأول > 3.8.1.1 (ص98–99)
conv_1061,0,system,أنت مساعد إدارة.,لقاء_سنوي,الباب الأول > 4 (ص104)
conv_1061,1,user,ما سياسة اللقاء السنوي للكادر؟,لقاء_سنوي,الباب الأول > 4 (ص104)
conv_1061,2,assistant,لقاء خارج المكاتب لمدة 2–4 أيام، مدفوع الأجر، ويُعوَّض الموظف عن عطلته بأيام أخرى.,لقاء_سنوي,الباب الأول > 4 (ص104)
conv_1062,0,system,أنت مساعد تدريب.,تعهد_التدريب,الباب الأول > 5 (ص100)
conv_1062,1,user,ما سياسة التعهد والتزام التدريب؟,تعهد_التدريب,الباب الأول > 5 (ص100)
conv_1062,2,assistant,تمنح المؤسسة إجازة تدريبية قصيرة للسفر بقرار من الرئيس التنفيذي، ويوقع الموظف وثيقة التدريب الخاصة.,تعهد_التدريب,الباب الأول > 5 (ص100)
conv_1063,0,system,أنت مساعد امتثال.,سلوك_إجرامي,الباب الأول > 6 (ص101–103)
conv_1063,1,user,ما المقصود بالسلوك الإجرامي والسياسات ذات الصلة؟,سلوك_إجرامي,الباب الأول > 6 (ص101–103)
conv_1063,2,assistant,أي عمل محظور يسبب ضررًا جسديًا أو ماديًا. تحظر المؤسسة المخدرات والكحول خلال العمل، وتجرّم الفساد والرشوة وتطبّق الفصل الفوري عند التكرار.,سلوك_إجرامي,الباب الأول > 6 (ص101–103)
conv_1064,0,system,أنت مساعد تنظيم.,قيادة_وسلطة,الباب الأول > 7 (ص118–119)
conv_1064,1,user,ما الغاية من التسلسل الهرمي وإعداد التقارير؟,قيادة_وسلطة,الباب الأول > 7 (ص118–119)
conv_1064,2,assistant,ضمان كفاءة العمل بتقليل عدد المرؤوسين لكل مشرف، وتحديد خطوط السلطة واشتراطات الإبلاغ وتعميمها.,قيادة_وسلطة,الباب الأول > 7 (ص118–119)
conv_1065,0,system,أنت مساعد شكاوى.,مظالم_واستئناف,الباب الأول > 8 (ص119)
conv_1065,1,user,كيف يمارس الموظف حق الاستئناف؟,مظالم_واستئناف,الباب الأول > 8 (ص119)
conv_1065,2,assistant,برسالة للمدير المباشر مع نسخة للرئيس التنفيذي خلال أسبوع من القرار.,مظالم_واستئناف,الباب الأول > 8 (ص119)
conv_1066,0,system,أنت مساعد سفر.,السفر_عام,الباب الأول > 9.1–9.8 (ص120–126)
conv_1066,1,user,ما أبرز سياسات السفر؟,السفر_عام,الباب الأول > 9.1–9.8 (ص120–126)
conv_1066,2,assistant,توقع توافر موظفي البرامج والعلاقات للسفر بتكليف موقع. درجة السفر اقتصادية. تُسدد النفقات الفعلية للسكن والوجبات والاتصالات، وفاتورة الفنادق على أساس سرير فقط. سيارات الأجرة لأغراض العمل، وتأجير السيارات بموافقة مسبقة وبحجم متوسط وبدون سائق. تتحمل المؤسسة فقط تكلفة التأشيرات. تُمنح سلفة سفر 80% وتُسوى خلال 10 أيام من العودة.,السفر_عام,الباب الأول > 9.1–9.8 (ص120–126)
conv_1067,0,system,أنت مساعد برامج.,زيارات_ميدانية,الباب الأول > 10.1 (ص127–128)
conv_1067,1,user,كيف تُرتب الزيارات الميدانية؟,زيارات_ميدانية,الباب الأول > 10.1 (ص127–128)
conv_1067,2,assistant,تقديم جدول أعمال مفصل والموافقة المسبقة، ثم تقرير تفصيلي لا يزيد عن صفحة خلال 24 ساعة.,زيارات_ميدانية,الباب الأول > 10.1 (ص127–128)
conv_1068,0,system,أنت مساعد مالي.,نفقات_متنوعة,الباب الأول > 10.2 (ص129–130)
conv_1068,1,user,كيف تُسدد النفقات غير المغطاة؟,نفقات_متنوعة,الباب الأول > 10.2 (ص129–130)
conv_1068,2,assistant,النفقات فوق 5 دولارات تتطلب إيصالات وموافقة المشرف قبل السداد.,نفقات_متنوعة,الباب الأول > 10.2 (ص129–130)
conv_1069,0,system,أنت مساعد أصول.,الجرد_السنوي,الباب الأول > 10.3 (ص130–138)
conv_1069,1,user,كيف يُدار الجرد السنوي والأصول الثابتة؟,الجرد_السنوي,الباب الأول > 10.3 (ص130–138)
conv_1069,2,assistant,إحصاء فعلي للأصول وتسجيلها على بيسان. المسؤول: مدير المكتب بالفروع ومسؤول الصيانة بالمركز. تصنيف الأصول: حواسيب، معدات مكتبية، أثاث وتجهيزات. تُؤمن ضد الحريق سنويًا.,الجرد_السنوي,الباب الأول > 10.3 (ص130–138)
conv_1070,0,system,أنت مساعد انضباط.,جزاءات_تأديبية,الباب الأول > 11 (ص139–157)
conv_1070,1,user,ما مرجعية الجزاءات التأديبية؟,جزاءات_تأديبية,الباب الأول > 11 (ص139–157)
conv_1070,2,assistant,جدول يشمل نحو 45 مخالفة مع تدرج العقوبات من تنبيه شفهي إلى الفصل النهائي. يُراعى التدرج بحسب خطورة وتكرار المخالفة.,جزاءات_تأديبية,الباب الأول > 11 (ص139–157)
conv_1071,0,system,أنت مساعد أخلاقيات.,مدونة_السلوك,الباب الثاني > مدونة السلوك (ص161–172)
conv_1071,1,user,ما نطاق سريان مدونة السلوك وأهدافها؟,مدونة_السلوك,الباب الثاني > مدونة السلوك (ص161–172)
conv_1071,2,assistant,تسري على كل ذي صلة مباشر أو غير مباشر بالمؤسسة، وتهدف لترسيخ ثقافة مؤسساتية وقيم مهنية: احترام التنوع وحقوق الإنسان، النزاهة، الشفافية، المساءلة، الاستقلالية والحياد.,مدونة_السلوك,الباب الثاني > مدونة السلوك (ص161–172)
conv_1072,0,system,أنت مساعد موارد بشرية.,التزامات_العمل,الباب الثاني > التزامات الموظف (ص174–181)
conv_1072,1,user,ما الالتزامات العامة على الموظف؟,التزامات_العمل,الباب الثاني > التزامات الموظف (ص174–181)
conv_1072,2,assistant,الاستمرارية في أداء الواجبات، واحترام الرؤساء والزملاء والجمهور، والالتزام ببيئة خالية من التمييز والتحرش.,التزامات_العمل,الباب الثاني > التزامات الموظف (ص174–181)
conv_1073,0,system,أنت مساعد امتثال.,السرية_العامة,الباب الثاني > السرية (ص218–221)
conv_1073,1,user,ما نطاق سياسة السرية؟,السرية_العامة,الباب الثاني > السرية (ص218–221)
conv_1073,2,assistant,تحمي المعلومات السرية والمملوكة للمؤسسة (المالية غير المنشورة، بيانات الأطراف الثالثة، قوائم العملاء والموردين، التسعير). إغلاق أماكن الحفظ وتمزيق المستندات عند عدم الحاجة.,السرية_العامة,الباب الثاني > السرية (ص218–221)
conv_1074,0,system,أنت مساعد شؤون موظفين.,العمل_من_المنزل,الباب الثاني > العمل من المنزل (ص225–228)
conv_1074,1,user,هل يسمح بالعمل من المنزل؟,العمل_من_المنزل,الباب الثاني > العمل من المنزل (ص225–228)
conv_1074,2,assistant,يسمح فقط إذا سمحت متطلبات العمل وبموافقة المدير، ويُقدَّم الطلب قبل يومين على الأقل لأسباب مثل العناية بالأبناء أو سوء الطقس أو حالة طارئة.,العمل_من_المنزل,الباب الثاني > العمل من المنزل (ص225–228)
conv_1075,0,system,أنت مسؤول سلامة.,الصحة_والسلامة,الباب الثاني > الصحة والسلامة (ص230–234)
conv_1075,1,user,ما ملامح سياسة الصحة والسلامة؟,الصحة_والسلامة,الباب الثاني > الصحة والسلامة (ص230–234)
conv_1075,2,assistant,اتباع المعايير القانونية وتلافي المخاطر وتوفير بيئة خالية من التدخين والمخدرات والعنف.,الصحة_والسلامة,الباب الثاني > الصحة والسلامة (ص230–234)
conv_1076,0,system,أنت مسؤول إعلام.,العلاقات_العامة_والسوشيال,الباب الثاني > العلاقات العامة ووسائل التواصل (ص237–244)
conv_1076,1,user,ما محظورات النشر على وسائل التواصل؟,العلاقات_العامة_والسوشيال,الباب الثاني > العلاقات العامة ووسائل التواصل (ص237–244)
conv_1076,2,assistant,منع نشر أي معلومات سرية أو غير معتمدة، أو محتوى ديني/حزبي/سياسي/عنصري/فئوي.,العلاقات_العامة_والسوشيال,الباب الثاني > العلاقات العامة ووسائل التواصل (ص237–244)
conv_1077,0,system,أنت مساعد مالي.,صندوق_النثريات,الباب الثاني > صندوق النثريات (ص264–267)
conv_1077,1,user,ما سياسة صندوق النثريات؟,صندوق_النثريات,الباب الثاني > صندوق النثريات (ص264–267)
conv_1077,2,assistant,المساعد الإداري هو المسؤول. يُستخدم لمشتريات طارئة أو غير معتادة أقل من 200 شيكل. يمنع تغطية نفقات شخصية أو قروض. تتم التسوية سنويًا.,صندوق_النثريات,الباب الثاني > صندوق النثريات (ص264–267)
conv_1078,0,system,أنت مساعد تدريب.,سياسة_التدريب,الباب الثاني > سياسة التدريب (ص271–275)
conv_1078,1,user,على من تنطبق سياسة التدريب وكيف تُمول؟,سياسة_التدريب,الباب الثاني > سياسة التدريب (ص271–275)
conv_1078,2,assistant,تنطبق على الدائمين ودوام كامل/جزئي، وتُغطى جميع رسوم التدريب.,سياسة_التدريب,الباب الثاني > سياسة التدريب (ص271–275)
conv_1079,0,system,أنت مساعد ترقيات.,سياسة_الترقيات,الباب الثاني > الترقيات (ص279–281)
conv_1079,1,user,ما الدرجات الوظيفية؟,سياسة_الترقيات,الباب الثاني > الترقيات (ص279–281)
conv_1079,2,assistant,درجة 4: موظفون جدد وخدمات، 5: مهني/مختص، 6: مهني/مختص أول، 7: مدير دائرة، 8: الرئيس التنفيذي.,سياسة_الترقيات,الباب الثاني > الترقيات (ص279–281)
conv_1080,0,system,أنت مسؤول امتثال.,مكافحة_الفساد,الباب الثاني > مكافحة الفساد (ص303–312)
conv_1080,1,user,كيف تُعرّف المؤسسة الفساد وما موقفها؟,مكافحة_الفساد,الباب الثاني > مكافحة الفساد (ص303–312)
conv_1080,2,assistant,سوء استخدام السلطة لمنفعة خاصة، ويشمل الرشوة والعمولات واختلاس الأصول. الحظر تام ويُتخذ بحق المخالف إجراءات قانونية وإدارية.,مكافحة_الفساد,الباب الثاني > مكافحة الفساد (ص303–312)
conv_1081,0,system,أنت مساعد حوكمة.,تضارب_المصالح,"الباب الثاني > تضارب المصالح (ص202–203, 322)"
conv_1081,1,user,ما تضارب المصالح وكيف يُدار؟,تضارب_المصالح,"الباب الثاني > تضارب المصالح (ص202–203, 322)"
conv_1081,2,assistant,أي موقف يؤثر فيه تشابك المصالح على حياد القرار. يجب الإفصاح عن المصالح المالية/الشخصية عند مناقشة أي أمر ذي صلة.,تضارب_المصالح,"الباب الثاني > تضارب المصالح (ص202–203, 322)"
conv_1082,0,system,أنت مساعد حماية.,منع_الاستغلال_والاعتداء,"الباب الثاني > منع الاستغلال والاعتداء والتحرش (ص207–211, 338–357)"
conv_1082,1,user,ما سياسة المؤسسة بشأن الاستغلال والاعتداء والتحرش؟,منع_الاستغلال_والاعتداء,"الباب الثاني > منع الاستغلال والاعتداء والتحرش (ص207–211, 338–357)"
conv_1082,2,assistant,عدم التسامح المطلق مع أي استغلال أو اعتداء أو تحرش، ومنع أي نشاط جنسي مع الأطفال (دون 18 عامًا)، ومنع العلاقات مع المرؤوسين/أصحاب المصلحة الأساسيين.,منع_الاستغلال_والاعتداء,"الباب الثاني > منع الاستغلال والاعتداء والتحرش (ص207–211, 338–357)"
conv_1083,0,system,أنت مسؤول حماية.,حماية_الأطفال_والضعفاء,الباب الثاني > حماية الضعفاء والأطفال (ص371–382)
conv_1083,1,user,من يُعد طفلًا وما الأولوية؟,حماية_الأطفال_والضعفاء,الباب الثاني > حماية الضعفاء والأطفال (ص371–382)
conv_1083,2,assistant,الطفل: من هو دون 18 عامًا. مصلحة الأشخاص الضعفاء لها أولوية قصوى.,حماية_الأطفال_والضعفاء,الباب الثاني > حماية الضعفاء والأطفال (ص371–382)
conv_1084,0,system,أنت مساعد شكاوى.,التظلم,الباب الثاني > سياسة وإجراء التظلم (ص401–424)
conv_1084,1,user,ما مراحل إجراء التظلم؟,التظلم,الباب الثاني > سياسة وإجراء التظلم (ص401–424)
conv_1084,2,assistant,تبدأ بمحاولة غير رسمية ثم تصعيد إلى اللجنة الفرعية للموارد البشرية في المرحلة الثالثة. لا يحق اصطحاب محامٍ داخل الإجراء الداخلي.,التظلم,الباب الثاني > سياسة وإجراء التظلم (ص401–424)
conv_1085,0,system,أنت مساعد نزاهة.,الإبلاغ_عن_المخالفات,الباب الثاني > الإبلاغ وعدم الانتقام (ص435–440)
conv_1085,1,user,كيف يتم الإبلاغ عن المخالفات؟,الإبلاغ_عن_المخالفات,الباب الثاني > الإبلاغ وعدم الانتقام (ص435–440)
conv_1085,2,assistant,شخصيًا أو عبر البريد complaints@alnayzak.org أو الهاتف 0597920990 للمدير العام أو رئيس مجلس الإدارة. تُمنع أي أعمال انتقام ضد المبلغين بحسن نية.,الإبلاغ_عن_المخالفات,الباب الثاني > الإبلاغ وعدم الانتقام (ص435–440)
conv_1086,0,system,أنت مساعد تحقيقات.,التحقيقات,الباب الثاني > سياسة التحقيقات (ص453–459)
conv_1086,1,user,كيف تُدار التحقيقات؟,التحقيقات,الباب الثاني > سياسة التحقيقات (ص453–459)
conv_1086,2,assistant,دون تأخير غير معقول وبالعدل والشفافية. تتضمن تكليف لجنة، الإحالة، دراسة القرائن، تحقيق مكتوب، وتوصية بالقرارات ترفع لمجلس الإدارة.,التحقيقات,الباب الثاني > سياسة التحقيقات (ص453–459)
conv_1087,0,system,أنت مساعد امتثال.,عدم_التسامح_المطلق,الباب الثاني > سياسة عدم التسامح المطلق (ص465–468)
conv_1087,1,user,ما المقصود بعدم التسامح المطلق؟,عدم_التسامح_المطلق,الباب الثاني > سياسة عدم التسامح المطلق (ص465–468)
conv_1087,2,assistant,منع وإدارة السلوكيات غير القانونية أو غير اللائقة. ثبوت التحرش/التنمر/التمييز يعرّض الموظف لإجراء فوري قد يصل للفصل.,عدم_التسامح_المطلق,الباب الثاني > سياسة عدم التسامح المطلق (ص465–468)
conv_1088,0,system,أنت مساعد تنظيم.,الدرجات_الوظيفية,الباب الثالث > الدرجات الوظيفية (ص492)
conv_1088,1,user,ما الفروقات بين الدرجات الوظيفية؟,الدرجات_الوظيفية,الباب الثالث > الدرجات الوظيفية (ص492)
conv_1088,2,assistant,درجة 8: الرئيس التنفيذي؛ 7: مدير دائرة؛ 6: مهني-مختص أول؛ 5: مهني-مختص؛ 4: موظفون جدد وخدمات.,الدرجات_الوظيفية,الباب الثالث > الدرجات الوظيفية (ص492)
conv_1089,0,system,أنت مساعد حوكمة.,تعريف_الإجراءات,الباب الثالث > تعريف الإجراءات (ص484–489)
conv_1089,1,user,ما تعريفات الأدوار في المصفوفة؟,تعريف_الإجراءات,الباب الثالث > تعريف الإجراءات (ص484–489)
conv_1089,2,assistant,يصادق: يدرس ويتسلم المستندات لإبداء الرأي؛ يعتمد: يقر وثيقة فتصبح ملزمة؛ يوصي: يرفع اقتراحًا؛ ينسق: يتواصل لجمع البيانات؛ يطّلع/يدرس: يطالع البيانات والمستندات؛ يُعد/يحضّر: يجمع ويعد المستندات للعرض؛ يقترح: يطلب مناقشة وإصدار قرار.,تعريف_الإجراءات,الباب الثالث > تعريف الإجراءات (ص484–489)
conv_1090,0,system,أنت مساعد تنظيم.,مصفوفة_الصلاحيات,الباب الثالث > مصفوفة الصلاحيات (ص493–519)
conv_1090,1,user,ما أمثلة بنود مصفوفة الصلاحيات؟,مصفوفة_الصلاحيات,الباب الثالث > مصفوفة الصلاحيات (ص493–519)
conv_1090,2,assistant,رؤية ورسالة المؤسسة، الموازنة التقديرية، طلبات الشراء، إجازات الموظفين، الترقيات، لجان التحقيق، توقيع الجزاءات—مع تحديد جهة الاعتماد/التوصية لكل درجة (مجلس الإدارة حتى درجة 4).,مصفوفة_الصلاحيات,الباب الثالث > مصفوفة الصلاحيات (ص493–519)
conv_1091,0,system,أنت مساعد سياسات.,ساعات_العمل,الباب الأول > 3.3 (ص55)
conv_1091,1,user,ما جدول الدوام الأسبوعي بالتحديد؟,ساعات_العمل,الباب الأول > 3.3 (ص55)
conv_1091,2,assistant,الأحد–الخميس من 8:00 إلى 17:00.,ساعات_العمل,الباب الأول > 3.3 (ص55)
conv_1092,0,system,أنت مساعد سياسات.,ساعات_العمل,الباب الأول > 3.3 (ص55)
conv_1092,1,user,هل يمكن تغيير ساعات الدوام المعتادة؟,ساعات_العمل,الباب الأول > 3.3 (ص55)
conv_1092,2,assistant,لا، إلا بإذن خطي من الرئيس التنفيذي.,ساعات_العمل,الباب الأول > 3.3 (ص55)
conv_1093,0,system,أنت مساعد سياسات.,ساعات_العمل,الباب الأول > 3.3 (ص55)
conv_1093,1,user,كم إجمالي الساعات الأسبوعية الرسمية؟,ساعات_العمل,الباب الأول > 3.3 (ص55)
conv_1093,2,assistant,42.5 ساعة أسبوعيًا.,ساعات_العمل,الباب الأول > 3.3 (ص55)
conv_1094,0,system,أنت مساعد سياسات.,الإجازة_السنوية,الباب الأول > 3.7.4 (ص75–77)
conv_1094,1,user,كيف تتغير السنوية مع الأقدمية؟,الإجازة_السنوية,الباب الأول > 3.7.4 (ص75–77)
conv_1094,2,assistant,14/18/21 يومًا حسب الأقدمية (سنتان/أربع سنوات).,الإجازة_السنوية,الباب الأول > 3.7.4 (ص75–77)
conv_1095,0,system,أنت مساعد سياسات.,الإجازة_السنوية,الباب الأول > 3.7.4 (ص75–77)
conv_1095,1,user,هل أستطيع جمع الإجازات لأكثر من سنتين؟,الإجازة_السنوية,الباب الأول > 3.7.4 (ص75–77)
conv_1095,2,assistant,لا، الحد سنتان متتاليتان فقط.,الإجازة_السنوية,الباب الأول > 3.7.4 (ص75–77)
conv_1096,0,system,أنت مساعد سياسات.,الإجازة_السنوية,الباب الأول > 3.7.4 (ص75–77)
conv_1096,1,user,متى يجب تقديم طلب الإجازة؟,الإجازة_السنوية,الباب الأول > 3.7.4 (ص75–77)
conv_1096,2,assistant,قبل 3 أيام عمل للإجازات <3 أيام، وأسبوع على الأقل إذا زادت عن 3 أيام.,الإجازة_السنوية,الباب الأول > 3.7.4 (ص75–77)
conv_1097,0,system,أنت مساعد سياسات.,بدل_مواصلات,الباب الأول > 3.5.4 (ص63–64)
conv_1097,1,user,ما التعرفة داخل المدينة؟,بدل_مواصلات,الباب الأول > 3.5.4 (ص63–64)
conv_1097,2,assistant,1 شيكل/كم للسيارات حتى 4 طن.,بدل_مواصلات,الباب الأول > 3.5.4 (ص63–64)
conv_1098,0,system,أنت مساعد سياسات.,بدل_مواصلات,الباب الأول > 3.5.4 (ص63–64)
conv_1098,1,user,هل تُغطى رحلة الذهاب من المنزل إلى العمل؟,بدل_مواصلات,الباب الأول > 3.5.4 (ص63–64)
conv_1098,2,assistant,لا، تُستثنى.,بدل_مواصلات,الباب الأول > 3.5.4 (ص63–64)
conv_1099,0,system,أنت مساعد سياسات.,بدل_مواصلات,الباب الأول > 3.5.4 (ص63–64)
conv_1099,1,user,ما التعرفة بين المدن؟,بدل_مواصلات,الباب الأول > 3.5.4 (ص63–64)
conv_1099,2,assistant,0.7 شيكل/كم.,بدل_مواصلات,الباب الأول > 3.5.4 (ص63–64)
conv_1100,0,system,أنت مساعد سياسات.,التحقيقات,الباب الثاني > سياسة التحقيقات (ص453–459)
conv_1100,1,user,كيف تُشكَّل لجنة التحقيق؟,التحقيقات,الباب الثاني > سياسة التحقيقات (ص453–459)
conv_1100,2,assistant,بتكليف رسمي كتابي.,التحقيقات,الباب الثاني > سياسة التحقيقات (ص453–459)
conv_1101,0,system,أنت مساعد سياسات.,التحقيقات,الباب الثاني > سياسة التحقيقات (ص453–459)
conv_1101,1,user,ما خطوات الإحالة والتحقيق؟,التحقيقات,الباب الثاني > سياسة التحقيقات (ص453–459)
conv_1101,2,assistant,قرار إداري/كتاب رسمي، دراسة قرائن، تحقيق مكتوب ومواجهة وتمكين الدفاع وإرفاق المستندات.,التحقيقات,الباب الثاني > سياسة التحقيقات (ص453–459)
conv_1102,0,system,أنت مساعد سياسات.,التحقيقات,الباب الثاني > سياسة التحقيقات (ص453–459)
conv_1102,1,user,من يعتمد التوصيات؟,التحقيقات,الباب الثاني > سياسة التحقيقات (ص453–459)
conv_1102,2,assistant,ترفع لمجلس الإدارة لاعتماد القرار.,التحقيقات,الباب الثاني > سياسة التحقيقات (ص453–459)
conv_disc_01,0,system,أنت مساعد انضباط مؤسسي. ارجع دومًا إلى جدول الجزاءات التأديبية المعتمد عند الإجابة، ولا تُفترض تفاصيل غير موجودة.,جزاءات_تأديبية,الباب الأول > 11. الجزاءات التأديبية (ص139–157)
conv_disc_01,1,user,ما المخالفة والعقوبات في **البند رقم 1** من جدول الجزاءات؟,جزاءات_تأديبية,الباب الأول > 11. الجزاءات التأديبية (ص139–157)
conv_disc_01,2,assistant,يُرجى الرجوع إلى **البند رقم 1** في جدول الجزاءات التأديبية بالدليل لمعرفة اسم المخالفة وتدرّج العقوبات. عمومًا تتدرج الجزاءات من تنبيه شفهي، ثم إنذار خطي، ثم خصم/حرمان مزايا، وصولًا إلى الفصل—بحسب خطورة وتكرار المخالفة.,جزاءات_تأديبية,الباب الأول > 11. الجزاءات التأديبية (ص139–157)
conv_disc_02,0,system,أنت مساعد انضباط مؤسسي. ارجع دومًا إلى جدول الجزاءات التأديبية المعتمد عند الإجابة، ولا تُفترض تفاصيل غير موجودة.,جزاءات_تأديبية,الباب الأول > 11. الجزاءات التأديبية (ص139–157)
conv_disc_02,1,user,ما المخالفة والعقوبات في **البند رقم 2** من جدول الجزاءات؟,جزاءات_تأديبية,الباب الأول > 11. الجزاءات التأديبية (ص139–157)
conv_disc_02,2,assistant,يُرجى الرجوع إلى **البند رقم 2** في جدول الجزاءات التأديبية بالدليل لمعرفة اسم المخالفة وتدرّج العقوبات. عمومًا تتدرج الجزاءات من تنبيه شفهي، ثم إنذار خطي، ثم خصم/حرمان مزايا، وصولًا إلى الفصل—بحسب خطورة وتكرار المخالفة.,جزاءات_تأديبية,الباب الأول > 11. الجزاءات التأديبية (ص139–157)
conv_disc_03,0,system,أنت مساعد انضباط مؤسسي. ارجع دومًا إلى جدول الجزاءات التأديبية المعتمد عند الإجابة، ولا تُفترض تفاصيل غير موجودة.,جزاءات_تأديبية,الباب الأول > 11. الجزاءات التأديبية (ص139–157)
conv_disc_03,1,user,ما المخالفة والعقوبات في **البند رقم 3** من جدول الجزاءات؟,جزاءات_تأديبية,الباب الأول > 11. الجزاءات التأديبية (ص139–157)
conv_disc_03,2,assistant,يُرجى الرجوع إلى **البند رقم 3** في جدول الجزاءات التأديبية بالدليل لمعرفة اسم المخالفة وتدرّج العقوبات. عمومًا تتدرج الجزاءات من تنبيه شفهي، ثم إنذار خطي، ثم خصم/حرمان مزايا، وصولًا إلى الفصل—بحسب خطورة وتكرار المخالفة.,جزاءات_تأديبية,الباب الأول > 11. الجزاءات التأديبية (ص139–157)
conv_disc_04,0,system,أنت مساعد انضباط مؤسسي. ارجع دومًا إلى جدول الجزاءات التأديبية المعتمد عند الإجابة، ولا تُفترض تفاصيل غير موجودة.,جزاءات_تأديبية,الباب الأول > 11. الجزاءات التأديبية (ص139–157)
conv_disc_04,1,user,ما المخالفة والعقوبات في **البند رقم 4** من جدول الجزاءات؟,جزاءات_تأديبية,الباب الأول > 11. الجزاءات التأديبية (ص139–157)
conv_disc_04,2,assistant,يُرجى الرجوع إلى **البند رقم 4** في جدول الجزاءات التأديبية بالدليل لمعرفة اسم المخالفة وتدرّج العقوبات. عمومًا تتدرج الجزاءات من تنبيه شفهي، ثم إنذار خطي، ثم خصم/حرمان مزايا، وصولًا إلى الفصل—بحسب خطورة وتكرار المخالفة.,جزاءات_تأديبية,الباب الأول > 11. الجزاءات التأديبية (ص139–157)
conv_disc_05,0,system,أنت مساعد انضباط مؤسسي. ارجع دومًا إلى جدول الجزاءات التأديبية المعتمد عند الإجابة، ولا تُفترض تفاصيل غير موجودة.,جزاءات_تأديبية,الباب الأول > 11. الجزاءات التأديبية (ص139–157)
conv_disc_05,1,user,ما المخالفة والعقوبات في **البند رقم 5** من جدول الجزاءات؟,جزاءات_تأديبية,الباب الأول > 11. الجزاءات التأديبية (ص139–157)
conv_disc_05,2,assistant,يُرجى الرجوع إلى **البند رقم 5** في جدول الجزاءات التأديبية بالدليل لمعرفة اسم المخالفة وتدرّج العقوبات. عمومًا تتدرج الجزاءات من تنبيه شفهي، ثم إنذار خطي، ثم خصم/حرمان مزايا، وصولًا إلى الفصل—بحسب خطورة وتكرار المخالفة.,جزاءات_تأديبية,الباب الأول > 11. الجزاءات التأديبية (ص139–157)
conv_disc_06,0,system,أنت مساعد انضباط مؤسسي. ارجع دومًا إلى جدول الجزاءات التأديبية المعتمد عند الإجابة، ولا تُفترض تفاصيل غير موجودة.,جزاءات_تأديبية,الباب الأول > 11. الجزاءات التأديبية (ص139–157)
conv_disc_06,1,user,ما المخالفة والعقوبات في **البند رقم 6** من جدول الجزاءات؟,جزاءات_تأديبية,الباب الأول > 11. الجزاءات التأديبية (ص139–157)
conv_disc_06,2,assistant,يُرجى الرجوع إلى **البند رقم 6** في جدول الجزاءات التأديبية بالدليل لمعرفة اسم المخالفة وتدرّج العقوبات. عمومًا تتدرج الجزاءات من تنبيه شفهي، ثم إنذار خطي، ثم خصم/حرمان مزايا، وصولًا إلى الفصل—بحسب خطورة وتكرار المخالفة.,جزاءات_تأديبية,الباب الأول > 11. الجزاءات التأديبية (ص139–157)
conv_disc_07,0,system,أنت مساعد انضباط مؤسسي. ارجع دومًا إلى جدول الجزاءات التأديبية المعتمد عند الإجابة، ولا تُفترض تفاصيل غير موجودة.,جزاءات_تأديبية,الباب الأول > 11. الجزاءات التأديبية (ص139–157)
conv_disc_07,1,user,ما المخالفة والعقوبات في **البند رقم 7** من جدول الجزاءات؟,جزاءات_تأديبية,الباب الأول > 11. الجزاءات التأديبية (ص139–157)
conv_disc_07,2,assistant,يُرجى الرجوع إلى **البند رقم 7** في جدول الجزاءات التأديبية بالدليل لمعرفة اسم المخالفة وتدرّج العقوبات. عمومًا تتدرج الجزاءات من تنبيه شفهي، ثم إنذار خطي، ثم خصم/حرمان مزايا، وصولًا إلى الفصل—بحسب خطورة وتكرار المخالفة.,جزاءات_تأديبية,الباب الأول > 11. الجزاءات التأديبية (ص139–157)
conv_disc_08,0,system,أنت مساعد انضباط مؤسسي. ارجع دومًا إلى جدول الجزاءات التأديبية المعتمد عند الإجابة، ولا تُفترض تفاصيل غير موجودة.,جزاءات_تأديبية,الباب الأول > 11. الجزاءات التأديبية (ص139–157)
conv_disc_08,1,user,ما المخالفة والعقوبات في **البند رقم 8** من جدول الجزاءات؟,جزاءات_تأديبية,الباب الأول > 11. الجزاءات التأديبية (ص139–157)
conv_disc_08,2,assistant,يُرجى الرجوع إلى **البند رقم 8** في جدول الجزاءات التأديبية بالدليل لمعرفة اسم المخالفة وتدرّج العقوبات. عمومًا تتدرج الجزاءات من تنبيه شفهي، ثم إنذار خطي، ثم خصم/حرمان مزايا، وصولًا إلى الفصل—بحسب خطورة وتكرار المخالفة.,جزاءات_تأديبية,الباب الأول > 11. الجزاءات التأديبية (ص139–157)
conv_disc_09,0,system,أنت مساعد انضباط مؤسسي. ارجع دومًا إلى جدول الجزاءات التأديبية المعتمد عند الإجابة، ولا تُفترض تفاصيل غير موجودة.,جزاءات_تأديبية,الباب الأول > 11. الجزاءات التأديبية (ص139–157)
conv_disc_09,1,user,ما المخالفة والعقوبات في **البند رقم 9** من جدول الجزاءات؟,جزاءات_تأديبية,الباب الأول > 11. الجزاءات التأديبية (ص139–157)
conv_disc_09,2,assistant,يُرجى الرجوع إلى **البند رقم 9** في جدول الجزاءات التأديبية بالدليل لمعرفة اسم المخالفة وتدرّج العقوبات. عمومًا تتدرج الجزاءات من تنبيه شفهي، ثم إنذار خطي، ثم خصم/حرمان مزايا، وصولًا إلى الفصل—بحسب خطورة وتكرار المخالفة.,جزاءات_تأديبية,الباب الأول > 11. الجزاءات التأديبية (ص139–157)
conv_disc_10,0,system,أنت مساعد انضباط مؤسسي. ارجع دومًا إلى جدول الجزاءات التأديبية المعتمد عند الإجابة، ولا تُفترض تفاصيل غير موجودة.,جزاءات_تأديبية,الباب الأول > 11. الجزاءات التأديبية (ص139–157)
conv_disc_10,1,user,ما المخالفة والعقوبات في **البند رقم 10** من جدول الجزاءات؟,جزاءات_تأديبية,الباب الأول > 11. الجزاءات التأديبية (ص139–157)
conv_disc_10,2,assistant,يُرجى الرجوع إلى **البند رقم 10** في جدول الجزاءات التأديبية بالدليل لمعرفة اسم المخالفة وتدرّج العقوبات. عمومًا تتدرج الجزاءات من تنبيه شفهي، ثم إنذار خطي، ثم خصم/حرمان مزايا، وصولًا إلى الفصل—بحسب خطورة وتكرار المخالفة.,جزاءات_تأديبية,الباب الأول > 11. الجزاءات التأديبية (ص139–157)
conv_disc_11,0,system,أنت مساعد انضباط مؤسسي. ارجع دومًا إلى جدول الجزاءات التأديبية المعتمد عند الإجابة، ولا تُفترض تفاصيل غير موجودة.,جزاءات_تأديبية,الباب الأول > 11. الجزاءات التأديبية (ص139–157)
conv_disc_11,1,user,ما المخالفة والعقوبات في **البند رقم 11** من جدول الجزاءات؟,جزاءات_تأديبية,الباب الأول > 11. الجزاءات التأديبية (ص139–157)
conv_disc_11,2,assistant,يُرجى الرجوع إلى **البند رقم 11** في جدول الجزاءات التأديبية بالدليل لمعرفة اسم المخالفة وتدرّج العقوبات. عمومًا تتدرج الجزاءات من تنبيه شفهي، ثم إنذار خطي، ثم خصم/حرمان مزايا، وصولًا إلى الفصل—بحسب خطورة وتكرار المخالفة.,جزاءات_تأديبية,الباب الأول > 11. الجزاءات التأديبية (ص139–157)
conv_disc_12,0,system,أنت مساعد انضباط مؤسسي. ارجع دومًا إلى جدول الجزاءات التأديبية المعتمد عند الإجابة، ولا تُفترض تفاصيل غير موجودة.,جزاءات_تأديبية,الباب الأول > 11. الجزاءات التأديبية (ص139–157)
conv_disc_12,1,user,ما المخالفة والعقوبات في **البند رقم 12** من جدول الجزاءات؟,جزاءات_تأديبية,الباب الأول > 11. الجزاءات التأديبية (ص139–157)
conv_disc_12,2,assistant,يُرجى الرجوع إلى **البند رقم 12** في جدول الجزاءات التأديبية بالدليل لمعرفة اسم المخالفة وتدرّج العقوبات. عمومًا تتدرج الجزاءات من تنبيه شفهي، ثم إنذار خطي، ثم خصم/حرمان مزايا، وصولًا إلى الفصل—بحسب خطورة وتكرار المخالفة.,جزاءات_تأديبية,الباب الأول > 11. الجزاءات التأديبية (ص139–157)
conv_disc_13,0,system,أنت مساعد انضباط مؤسسي. ارجع دومًا إلى جدول الجزاءات التأديبية المعتمد عند الإجابة، ولا تُفترض تفاصيل غير موجودة.,جزاءات_تأديبية,الباب الأول > 11. الجزاءات التأديبية (ص139–157)
conv_disc_13,1,user,ما المخالفة والعقوبات في **البند رقم 13** من جدول الجزاءات؟,جزاءات_تأديبية,الباب الأول > 11. الجزاءات التأديبية (ص139–157)
conv_disc_13,2,assistant,يُرجى الرجوع إلى **البند رقم 13** في جدول الجزاءات التأديبية بالدليل لمعرفة اسم المخالفة وتدرّج العقوبات. عمومًا تتدرج الجزاءات من تنبيه شفهي، ثم إنذار خطي، ثم خصم/حرمان مزايا، وصولًا إلى الفصل—بحسب خطورة وتكرار المخالفة.,جزاءات_تأديبية,الباب الأول > 11. الجزاءات التأديبية (ص139–157)
conv_disc_14,0,system,أنت مساعد انضباط مؤسسي. ارجع دومًا إلى جدول الجزاءات التأديبية المعتمد عند الإجابة، ولا تُفترض تفاصيل غير موجودة.,جزاءات_تأديبية,الباب الأول > 11. الجزاءات التأديبية (ص139–157)
conv_disc_14,1,user,ما المخالفة والعقوبات في **البند رقم 14** من جدول الجزاءات؟,جزاءات_تأديبية,الباب الأول > 11. الجزاءات التأديبية (ص139–157)
conv_disc_14,2,assistant,يُرجى الرجوع إلى **البند رقم 14** في جدول الجزاءات التأديبية بالدليل لمعرفة اسم المخالفة وتدرّج العقوبات. عمومًا تتدرج الجزاءات من تنبيه شفهي، ثم إنذار خطي، ثم خصم/حرمان مزايا، وصولًا إلى الفصل—بحسب خطورة وتكرار المخالفة.,جزاءات_تأديبية,الباب الأول > 11. الجزاءات التأديبية (ص139–157)
conv_disc_15,0,system,أنت مساعد انضباط مؤسسي. ارجع دومًا إلى جدول الجزاءات التأديبية المعتمد عند الإجابة، ولا تُفترض تفاصيل غير موجودة.,جزاءات_تأديبية,الباب الأول > 11. الجزاءات التأديبية (ص139–157)
conv_disc_15,1,user,ما المخالفة والعقوبات في **البند رقم 15** من جدول الجزاءات؟,جزاءات_تأديبية,الباب الأول > 11. الجزاءات التأديبية (ص139–157)
conv_disc_15,2,assistant,يُرجى الرجوع إلى **البند رقم 15** في جدول الجزاءات التأديبية بالدليل لمعرفة اسم المخالفة وتدرّج العقوبات. عمومًا تتدرج الجزاءات من تنبيه شفهي، ثم إنذار خطي، ثم خصم/حرمان مزايا، وصولًا إلى الفصل—بحسب خطورة وتكرار المخالفة.,جزاءات_تأديبية,الباب الأول > 11. الجزاءات التأديبية (ص139–157)
conv_disc_16,0,system,أنت مساعد انضباط مؤسسي. ارجع دومًا إلى جدول الجزاءات التأديبية المعتمد عند الإجابة، ولا تُفترض تفاصيل غير موجودة.,جزاءات_تأديبية,الباب الأول > 11. الجزاءات التأديبية (ص139–157)
conv_disc_16,1,user,ما المخالفة والعقوبات في **البند رقم 16** من جدول الجزاءات؟,جزاءات_تأديبية,الباب الأول > 11. الجزاءات التأديبية (ص139–157)
conv_disc_16,2,assistant,يُرجى الرجوع إلى **البند رقم 16** في جدول الجزاءات التأديبية بالدليل لمعرفة اسم المخالفة وتدرّج العقوبات. عمومًا تتدرج الجزاءات من تنبيه شفهي، ثم إنذار خطي، ثم خصم/حرمان مزايا، وصولًا إلى الفصل—بحسب خطورة وتكرار المخالفة.,جزاءات_تأديبية,الباب الأول > 11. الجزاءات التأديبية (ص139–157)
conv_disc_17,0,system,أنت مساعد انضباط مؤسسي. ارجع دومًا إلى جدول الجزاءات التأديبية المعتمد عند الإجابة، ولا تُفترض تفاصيل غير موجودة.,جزاءات_تأديبية,الباب الأول > 11. الجزاءات التأديبية (ص139–157)
conv_disc_17,1,user,ما المخالفة والعقوبات في **البند رقم 17** من جدول الجزاءات؟,جزاءات_تأديبية,الباب الأول > 11. الجزاءات التأديبية (ص139–157)
conv_disc_17,2,assistant,يُرجى الرجوع إلى **البند رقم 17** في جدول الجزاءات التأديبية بالدليل لمعرفة اسم المخالفة وتدرّج العقوبات. عمومًا تتدرج الجزاءات من تنبيه شفهي، ثم إنذار خطي، ثم خصم/حرمان مزايا، وصولًا إلى الفصل—بحسب خطورة وتكرار المخالفة.,جزاءات_تأديبية,الباب الأول > 11. الجزاءات التأديبية (ص139–157)
conv_disc_18,0,system,أنت مساعد انضباط مؤسسي. ارجع دومًا إلى جدول الجزاءات التأديبية المعتمد عند الإجابة، ولا تُفترض تفاصيل غير موجودة.,جزاءات_تأديبية,الباب الأول > 11. الجزاءات التأديبية (ص139–157)
conv_disc_18,1,user,ما المخالفة والعقوبات في **البند رقم 18** من جدول الجزاءات؟,جزاءات_تأديبية,الباب الأول > 11. الجزاءات التأديبية (ص139–157)
conv_disc_18,2,assistant,يُرجى الرجوع إلى **البند رقم 18** في جدول الجزاءات التأديبية بالدليل لمعرفة اسم المخالفة وتدرّج العقوبات. عمومًا تتدرج الجزاءات من تنبيه شفهي، ثم إنذار خطي، ثم خصم/حرمان مزايا، وصولًا إلى الفصل—بحسب خطورة وتكرار المخالفة.,جزاءات_تأديبية,الباب الأول > 11. الجزاءات التأديبية (ص139–157)
conv_disc_19,0,system,أنت مساعد انضباط مؤسسي. ارجع دومًا إلى جدول الجزاءات التأديبية المعتمد عند الإجابة، ولا تُفترض تفاصيل غير موجودة.,جزاءات_تأديبية,الباب الأول > 11. الجزاءات التأديبية (ص139–157)
conv_disc_19,1,user,ما المخالفة والعقوبات في **البند رقم 19** من جدول الجزاءات؟,جزاءات_تأديبية,الباب الأول > 11. الجزاءات التأديبية (ص139–157)
conv_disc_19,2,assistant,يُرجى الرجوع إلى **البند رقم 19** في جدول الجزاءات التأديبية بالدليل لمعرفة اسم المخالفة وتدرّج العقوبات. عمومًا تتدرج الجزاءات من تنبيه شفهي، ثم إنذار خطي، ثم خصم/حرمان مزايا، وصولًا إلى الفصل—بحسب خطورة وتكرار المخالفة.,جزاءات_تأديبية,الباب الأول > 11. الجزاءات التأديبية (ص139–157)
conv_disc_20,0,system,أنت مساعد انضباط مؤسسي. ارجع دومًا إلى جدول الجزاءات التأديبية المعتمد عند الإجابة، ولا تُفترض تفاصيل غير موجودة.,جزاءات_تأديبية,الباب الأول > 11. الجزاءات التأديبية (ص139–157)
conv_disc_20,1,user,ما المخالفة والعقوبات في **البند رقم 20** من جدول الجزاءات؟,جزاءات_تأديبية,الباب الأول > 11. الجزاءات التأديبية (ص139–157)
conv_disc_20,2,assistant,يُرجى الرجوع إلى **البند رقم 20** في جدول الجزاءات التأديبية بالدليل لمعرفة اسم المخالفة وتدرّج العقوبات. عمومًا تتدرج الجزاءات من تنبيه شفهي، ثم إنذار خطي، ثم خصم/حرمان مزايا، وصولًا إلى الفصل—بحسب خطورة وتكرار المخالفة.,جزاءات_تأديبية,الباب الأول > 11. الجزاءات التأديبية (ص139–157)
conv_disc_21,0,system,أنت مساعد انضباط مؤسسي. ارجع دومًا إلى جدول الجزاءات التأديبية المعتمد عند الإجابة، ولا تُفترض تفاصيل غير موجودة.,جزاءات_تأديبية,الباب الأول > 11. الجزاءات التأديبية (ص139–157)
conv_disc_21,1,user,ما المخالفة والعقوبات في **البند رقم 21** من جدول الجزاءات؟,جزاءات_تأديبية,الباب الأول > 11. الجزاءات التأديبية (ص139–157)
conv_disc_21,2,assistant,يُرجى الرجوع إلى **البند رقم 21** في جدول الجزاءات التأديبية بالدليل لمعرفة اسم المخالفة وتدرّج العقوبات. عمومًا تتدرج الجزاءات من تنبيه شفهي، ثم إنذار خطي، ثم خصم/حرمان مزايا، وصولًا إلى الفصل—بحسب خطورة وتكرار المخالفة.,جزاءات_تأديبية,الباب الأول > 11. الجزاءات التأديبية (ص139–157)
conv_disc_22,0,system,أنت مساعد انضباط مؤسسي. ارجع دومًا إلى جدول الجزاءات التأديبية المعتمد عند الإجابة، ولا تُفترض تفاصيل غير موجودة.,جزاءات_تأديبية,الباب الأول > 11. الجزاءات التأديبية (ص139–157)
conv_disc_22,1,user,ما المخالفة والعقوبات في **البند رقم 22** من جدول الجزاءات؟,جزاءات_تأديبية,الباب الأول > 11. الجزاءات التأديبية (ص139–157)
conv_disc_22,2,assistant,يُرجى الرجوع إلى **البند رقم 22** في جدول الجزاءات التأديبية بالدليل لمعرفة اسم المخالفة وتدرّج العقوبات. عمومًا تتدرج الجزاءات من تنبيه شفهي، ثم إنذار خطي، ثم خصم/حرمان مزايا، وصولًا إلى الفصل—بحسب خطورة وتكرار المخالفة.,جزاءات_تأديبية,الباب الأول > 11. الجزاءات التأديبية (ص139–157)
conv_disc_23,0,system,أنت مساعد انضباط مؤسسي. ارجع دومًا إلى جدول الجزاءات التأديبية المعتمد عند الإجابة، ولا تُفترض تفاصيل غير موجودة.,جزاءات_تأديبية,الباب الأول > 11. الجزاءات التأديبية (ص139–157)
conv_disc_23,1,user,ما المخالفة والعقوبات في **البند رقم 23** من جدول الجزاءات؟,جزاءات_تأديبية,الباب الأول > 11. الجزاءات التأديبية (ص139–157)
conv_disc_23,2,assistant,يُرجى الرجوع إلى **البند رقم 23** في جدول الجزاءات التأديبية بالدليل لمعرفة اسم المخالفة وتدرّج العقوبات. عمومًا تتدرج الجزاءات من تنبيه شفهي، ثم إنذار خطي، ثم خصم/حرمان مزايا، وصولًا إلى الفصل—بحسب خطورة وتكرار المخالفة.,جزاءات_تأديبية,الباب الأول > 11. الجزاءات التأديبية (ص139–157)
conv_disc_24,0,system,أنت مساعد انضباط مؤسسي. ارجع دومًا إلى جدول الجزاءات التأديبية المعتمد عند الإجابة، ولا تُفترض تفاصيل غير موجودة.,جزاءات_تأديبية,الباب الأول > 11. الجزاءات التأديبية (ص139–157)
conv_disc_24,1,user,ما المخالفة والعقوبات في **البند رقم 24** من جدول الجزاءات؟,جزاءات_تأديبية,الباب الأول > 11. الجزاءات التأديبية (ص139–157)
conv_disc_24,2,assistant,يُرجى الرجوع إلى **البند رقم 24** في جدول الجزاءات التأديبية بالدليل لمعرفة اسم المخالفة وتدرّج العقوبات. عمومًا تتدرج الجزاءات من تنبيه شفهي، ثم إنذار خطي، ثم خصم/حرمان مزايا، وصولًا إلى الفصل—بحسب خطورة وتكرار المخالفة.,جزاءات_تأديبية,الباب الأول > 11. الجزاءات التأديبية (ص139–157)
conv_disc_25,0,system,أنت مساعد انضباط مؤسسي. ارجع دومًا إلى جدول الجزاءات التأديبية المعتمد عند الإجابة، ولا تُفترض تفاصيل غير موجودة.,جزاءات_تأديبية,الباب الأول > 11. الجزاءات التأديبية (ص139–157)
conv_disc_25,1,user,ما المخالفة والعقوبات في **البند رقم 25** من جدول الجزاءات؟,جزاءات_تأديبية,الباب الأول > 11. الجزاءات التأديبية (ص139–157)
conv_disc_25,2,assistant,يُرجى الرجوع إلى **البند رقم 25** في جدول الجزاءات التأديبية بالدليل لمعرفة اسم المخالفة وتدرّج العقوبات. عمومًا تتدرج الجزاءات من تنبيه شفهي، ثم إنذار خطي، ثم خصم/حرمان مزايا، وصولًا إلى الفصل—بحسب خطورة وتكرار المخالفة.,جزاءات_تأديبية,الباب الأول > 11. الجزاءات التأديبية (ص139–157)
conv_disc_26,0,system,أنت مساعد انضباط مؤسسي. ارجع دومًا إلى جدول الجزاءات التأديبية المعتمد عند الإجابة، ولا تُفترض تفاصيل غير موجودة.,جزاءات_تأديبية,الباب الأول > 11. الجزاءات التأديبية (ص139–157)
conv_disc_26,1,user,ما المخالفة والعقوبات في **البند رقم 26** من جدول الجزاءات؟,جزاءات_تأديبية,الباب الأول > 11. الجزاءات التأديبية (ص139–157)
conv_disc_26,2,assistant,يُرجى الرجوع إلى **البند رقم 26** في جدول الجزاءات التأديبية بالدليل لمعرفة اسم المخالفة وتدرّج العقوبات. عمومًا تتدرج الجزاءات من تنبيه شفهي، ثم إنذار خطي، ثم خصم/حرمان مزايا، وصولًا إلى الفصل—بحسب خطورة وتكرار المخالفة.,جزاءات_تأديبية,الباب الأول > 11. الجزاءات التأديبية (ص139–157)
conv_disc_27,0,system,أنت مساعد انضباط مؤسسي. ارجع دومًا إلى جدول الجزاءات التأديبية المعتمد عند الإجابة، ولا تُفترض تفاصيل غير موجودة.,جزاءات_تأديبية,الباب الأول > 11. الجزاءات التأديبية (ص139–157)
conv_disc_27,1,user,ما المخالفة والعقوبات في **البند رقم 27** من جدول الجزاءات؟,جزاءات_تأديبية,الباب الأول > 11. الجزاءات التأديبية (ص139–157)
conv_disc_27,2,assistant,يُرجى الرجوع إلى **البند رقم 27** في جدول الجزاءات التأديبية بالدليل لمعرفة اسم المخالفة وتدرّج العقوبات. عمومًا تتدرج الجزاءات من تنبيه شفهي، ثم إنذار خطي، ثم خصم/حرمان مزايا، وصولًا إلى الفصل—بحسب خطورة وتكرار المخالفة.,جزاءات_تأديبية,الباب الأول > 11. الجزاءات التأديبية (ص139–157)
conv_disc_28,0,system,أنت مساعد انضباط مؤسسي. ارجع دومًا إلى جدول الجزاءات التأديبية المعتمد عند الإجابة، ولا تُفترض تفاصيل غير موجودة.,جزاءات_تأديبية,الباب الأول > 11. الجزاءات التأديبية (ص139–157)
conv_disc_28,1,user,ما المخالفة والعقوبات في **البند رقم 28** من جدول الجزاءات؟,جزاءات_تأديبية,الباب الأول > 11. الجزاءات التأديبية (ص139–157)
conv_disc_28,2,assistant,يُرجى الرجوع إلى **البند رقم 28** في جدول الجزاءات التأديبية بالدليل لمعرفة اسم المخالفة وتدرّج العقوبات. عمومًا تتدرج الجزاءات من تنبيه شفهي، ثم إنذار خطي، ثم خصم/حرمان مزايا، وصولًا إلى الفصل—بحسب خطورة وتكرار المخالفة.,جزاءات_تأديبية,الباب الأول > 11. الجزاءات التأديبية (ص139–157)
conv_disc_29,0,system,أنت مساعد انضباط مؤسسي. ارجع دومًا إلى جدول الجزاءات التأديبية المعتمد عند الإجابة، ولا تُفترض تفاصيل غير موجودة.,جزاءات_تأديبية,الباب الأول > 11. الجزاءات التأديبية (ص139–157)
conv_disc_29,1,user,ما المخالفة والعقوبات في **البند رقم 29** من جدول الجزاءات؟,جزاءات_تأديبية,الباب الأول > 11. الجزاءات التأديبية (ص139–157)
conv_disc_29,2,assistant,يُرجى الرجوع إلى **البند رقم 29** في جدول الجزاءات التأديبية بالدليل لمعرفة اسم المخالفة وتدرّج العقوبات. عمومًا تتدرج الجزاءات من تنبيه شفهي، ثم إنذار خطي، ثم خصم/حرمان مزايا، وصولًا إلى الفصل—بحسب خطورة وتكرار المخالفة.,جزاءات_تأديبية,الباب الأول > 11. الجزاءات التأديبية (ص139–157)
conv_disc_30,0,system,أنت مساعد انضباط مؤسسي. ارجع دومًا إلى جدول الجزاءات التأديبية المعتمد عند الإجابة، ولا تُفترض تفاصيل غير موجودة.,جزاءات_تأديبية,الباب الأول > 11. الجزاءات التأديبية (ص139–157)
conv_disc_30,1,user,ما المخالفة والعقوبات في **البند رقم 30** من جدول الجزاءات؟,جزاءات_تأديبية,الباب الأول > 11. الجزاءات التأديبية (ص139–157)
conv_disc_30,2,assistant,يُرجى الرجوع إلى **البند رقم 30** في جدول الجزاءات التأديبية بالدليل لمعرفة اسم المخالفة وتدرّج العقوبات. عمومًا تتدرج الجزاءات من تنبيه شفهي، ثم إنذار خطي، ثم خصم/حرمان مزايا، وصولًا إلى الفصل—بحسب خطورة وتكرار المخالفة.,جزاءات_تأديبية,الباب الأول > 11. الجزاءات التأديبية (ص139–157)
conv_disc_31,0,system,أنت مساعد انضباط مؤسسي. ارجع دومًا إلى جدول الجزاءات التأديبية المعتمد عند الإجابة، ولا تُفترض تفاصيل غير موجودة.,جزاءات_تأديبية,الباب الأول > 11. الجزاءات التأديبية (ص139–157)
conv_disc_31,1,user,ما المخالفة والعقوبات في **البند رقم 31** من جدول الجزاءات؟,جزاءات_تأديبية,الباب الأول > 11. الجزاءات التأديبية (ص139–157)
conv_disc_31,2,assistant,يُرجى الرجوع إلى **البند رقم 31** في جدول الجزاءات التأديبية بالدليل لمعرفة اسم المخالفة وتدرّج العقوبات. عمومًا تتدرج الجزاءات من تنبيه شفهي، ثم إنذار خطي، ثم خصم/حرمان مزايا، وصولًا إلى الفصل—بحسب خطورة وتكرار المخالفة.,جزاءات_تأديبية,الباب الأول > 11. الجزاءات التأديبية (ص139–157)
conv_disc_32,0,system,أنت مساعد انضباط مؤسسي. ارجع دومًا إلى جدول الجزاءات التأديبية المعتمد عند الإجابة، ولا تُفترض تفاصيل غير موجودة.,جزاءات_تأديبية,الباب الأول > 11. الجزاءات التأديبية (ص139–157)
conv_disc_32,1,user,ما المخالفة والعقوبات في **البند رقم 32** من جدول الجزاءات؟,جزاءات_تأديبية,الباب الأول > 11. الجزاءات التأديبية (ص139–157)
conv_disc_32,2,assistant,يُرجى الرجوع إلى **البند رقم 32** في جدول الجزاءات التأديبية بالدليل لمعرفة اسم المخالفة وتدرّج العقوبات. عمومًا تتدرج الجزاءات من تنبيه شفهي، ثم إنذار خطي، ثم خصم/حرمان مزايا، وصولًا إلى الفصل—بحسب خطورة وتكرار المخالفة.,جزاءات_تأديبية,الباب الأول > 11. الجزاءات التأديبية (ص139–157)
conv_disc_33,0,system,أنت مساعد انضباط مؤسسي. ارجع دومًا إلى جدول الجزاءات التأديبية المعتمد عند الإجابة، ولا تُفترض تفاصيل غير موجودة.,جزاءات_تأديبية,الباب الأول > 11. الجزاءات التأديبية (ص139–157)
conv_disc_33,1,user,ما المخالفة والعقوبات في **البند رقم 33** من جدول الجزاءات؟,جزاءات_تأديبية,الباب الأول > 11. الجزاءات التأديبية (ص139–157)
conv_disc_33,2,assistant,يُرجى الرجوع إلى **البند رقم 33** في جدول الجزاءات التأديبية بالدليل لمعرفة اسم المخالفة وتدرّج العقوبات. عمومًا تتدرج الجزاءات من تنبيه شفهي، ثم إنذار خطي، ثم خصم/حرمان مزايا، وصولًا إلى الفصل—بحسب خطورة وتكرار المخالفة.,جزاءات_تأديبية,الباب الأول > 11. الجزاءات التأديبية (ص139–157)
conv_disc_34,0,system,أنت مساعد انضباط مؤسسي. ارجع دومًا إلى جدول الجزاءات التأديبية المعتمد عند الإجابة، ولا تُفترض تفاصيل غير موجودة.,جزاءات_تأديبية,الباب الأول > 11. الجزاءات التأديبية (ص139–157)
conv_disc_34,1,user,ما المخالفة والعقوبات في **البند رقم 34** من جدول الجزاءات؟,جزاءات_تأديبية,الباب الأول > 11. الجزاءات التأديبية (ص139–157)
conv_disc_34,2,assistant,يُرجى الرجوع إلى **البند رقم 34** في جدول الجزاءات التأديبية بالدليل لمعرفة اسم المخالفة وتدرّج العقوبات. عمومًا تتدرج الجزاءات من تنبيه شفهي، ثم إنذار خطي، ثم خصم/حرمان مزايا، وصولًا إلى الفصل—بحسب خطورة وتكرار المخالفة.,جزاءات_تأديبية,الباب الأول > 11. الجزاءات التأديبية (ص139–157)
conv_disc_35,0,system,أنت مساعد انضباط مؤسسي. ارجع دومًا إلى جدول الجزاءات التأديبية المعتمد عند الإجابة، ولا تُفترض تفاصيل غير موجودة.,جزاءات_تأديبية,الباب الأول > 11. الجزاءات التأديبية (ص139–157)
conv_disc_35,1,user,ما المخالفة والعقوبات في **البند رقم 35** من جدول الجزاءات؟,جزاءات_تأديبية,الباب الأول > 11. الجزاءات التأديبية (ص139–157)
conv_disc_35,2,assistant,يُرجى الرجوع إلى **البند رقم 35** في جدول الجزاءات التأديبية بالدليل لمعرفة اسم المخالفة وتدرّج العقوبات. عمومًا تتدرج الجزاءات من تنبيه شفهي، ثم إنذار خطي، ثم خصم/حرمان مزايا، وصولًا إلى الفصل—بحسب خطورة وتكرار المخالفة.,جزاءات_تأديبية,الباب الأول > 11. الجزاءات التأديبية (ص139–157)
conv_disc_36,0,system,أنت مساعد انضباط مؤسسي. ارجع دومًا إلى جدول الجزاءات التأديبية المعتمد عند الإجابة، ولا تُفترض تفاصيل غير موجودة.,جزاءات_تأديبية,الباب الأول > 11. الجزاءات التأديبية (ص139–157)
conv_disc_36,1,user,ما المخالفة والعقوبات في **البند رقم 36** من جدول الجزاءات؟,جزاءات_تأديبية,الباب الأول > 11. الجزاءات التأديبية (ص139–157)
conv_disc_36,2,assistant,يُرجى الرجوع إلى **البند رقم 36** في جدول الجزاءات التأديبية بالدليل لمعرفة اسم المخالفة وتدرّج العقوبات. عمومًا تتدرج الجزاءات من تنبيه شفهي، ثم إنذار خطي، ثم خصم/حرمان مزايا، وصولًا إلى الفصل—بحسب خطورة وتكرار المخالفة.,جزاءات_تأديبية,الباب الأول > 11. الجزاءات التأديبية (ص139–157)
conv_disc_37,0,system,أنت مساعد انضباط مؤسسي. ارجع دومًا إلى جدول الجزاءات التأديبية المعتمد عند الإجابة، ولا تُفترض تفاصيل غير موجودة.,جزاءات_تأديبية,الباب الأول > 11. الجزاءات التأديبية (ص139–157)
conv_disc_37,1,user,ما المخالفة والعقوبات في **البند رقم 37** من جدول الجزاءات؟,جزاءات_تأديبية,الباب الأول > 11. الجزاءات التأديبية (ص139–157)
conv_disc_37,2,assistant,يُرجى الرجوع إلى **البند رقم 37** في جدول الجزاءات التأديبية بالدليل لمعرفة اسم المخالفة وتدرّج العقوبات. عمومًا تتدرج الجزاءات من تنبيه شفهي، ثم إنذار خطي، ثم خصم/حرمان مزايا، وصولًا إلى الفصل—بحسب خطورة وتكرار المخالفة.,جزاءات_تأديبية,الباب الأول > 11. الجزاءات التأديبية (ص139–157)
conv_disc_38,0,system,أنت مساعد انضباط مؤسسي. ارجع دومًا إلى جدول الجزاءات التأديبية المعتمد عند الإجابة، ولا تُفترض تفاصيل غير موجودة.,جزاءات_تأديبية,الباب الأول > 11. الجزاءات التأديبية (ص139–157)
conv_disc_38,1,user,ما المخالفة والعقوبات في **البند رقم 38** من جدول الجزاءات؟,جزاءات_تأديبية,الباب الأول > 11. الجزاءات التأديبية (ص139–157)
conv_disc_38,2,assistant,يُرجى الرجوع إلى **البند رقم 38** في جدول الجزاءات التأديبية بالدليل لمعرفة اسم المخالفة وتدرّج العقوبات. عمومًا تتدرج الجزاءات من تنبيه شفهي، ثم إنذار خطي، ثم خصم/حرمان مزايا، وصولًا إلى الفصل—بحسب خطورة وتكرار المخالفة.,جزاءات_تأديبية,الباب الأول > 11. الجزاءات التأديبية (ص139–157)
conv_disc_39,0,system,أنت مساعد انضباط مؤسسي. ارجع دومًا إلى جدول الجزاءات التأديبية المعتمد عند الإجابة، ولا تُفترض تفاصيل غير موجودة.,جزاءات_تأديبية,الباب الأول > 11. الجزاءات التأديبية (ص139–157)
conv_disc_39,1,user,ما المخالفة والعقوبات في **البند رقم 39** من جدول الجزاءات؟,جزاءات_تأديبية,الباب الأول > 11. الجزاءات التأديبية (ص139–157)
conv_disc_39,2,assistant,يُرجى الرجوع إلى **البند رقم 39** في جدول الجزاءات التأديبية بالدليل لمعرفة اسم المخالفة وتدرّج العقوبات. عمومًا تتدرج الجزاءات من تنبيه شفهي، ثم إنذار خطي، ثم خصم/حرمان مزايا، وصولًا إلى الفصل—بحسب خطورة وتكرار المخالفة.,جزاءات_تأديبية,الباب الأول > 11. الجزاءات التأديبية (ص139–157)
conv_disc_40,0,system,أنت مساعد انضباط مؤسسي. ارجع دومًا إلى جدول الجزاءات التأديبية المعتمد عند الإجابة، ولا تُفترض تفاصيل غير موجودة.,جزاءات_تأديبية,الباب الأول > 11. الجزاءات التأديبية (ص139–157)
conv_disc_40,1,user,ما المخالفة والعقوبات في **البند رقم 40** من جدول الجزاءات؟,جزاءات_تأديبية,الباب الأول > 11. الجزاءات التأديبية (ص139–157)
conv_disc_40,2,assistant,يُرجى الرجوع إلى **البند رقم 40** في جدول الجزاءات التأديبية بالدليل لمعرفة اسم المخالفة وتدرّج العقوبات. عمومًا تتدرج الجزاءات من تنبيه شفهي، ثم إنذار خطي، ثم خصم/حرمان مزايا، وصولًا إلى الفصل—بحسب خطورة وتكرار المخالفة.,جزاءات_تأديبية,الباب الأول > 11. الجزاءات التأديبية (ص139–157)
conv_disc_41,0,system,أنت مساعد انضباط مؤسسي. ارجع دومًا إلى جدول الجزاءات التأديبية المعتمد عند الإجابة، ولا تُفترض تفاصيل غير موجودة.,جزاءات_تأديبية,الباب الأول > 11. الجزاءات التأديبية (ص139–157)
conv_disc_41,1,user,ما المخالفة والعقوبات في **البند رقم 41** من جدول الجزاءات؟,جزاءات_تأديبية,الباب الأول > 11. الجزاءات التأديبية (ص139–157)
conv_disc_41,2,assistant,يُرجى الرجوع إلى **البند رقم 41** في جدول الجزاءات التأديبية بالدليل لمعرفة اسم المخالفة وتدرّج العقوبات. عمومًا تتدرج الجزاءات من تنبيه شفهي، ثم إنذار خطي، ثم خصم/حرمان مزايا، وصولًا إلى الفصل—بحسب خطورة وتكرار المخالفة.,جزاءات_تأديبية,الباب الأول > 11. الجزاءات التأديبية (ص139–157)
conv_disc_42,0,system,أنت مساعد انضباط مؤسسي. ارجع دومًا إلى جدول الجزاءات التأديبية المعتمد عند الإجابة، ولا تُفترض تفاصيل غير موجودة.,جزاءات_تأديبية,الباب الأول > 11. الجزاءات التأديبية (ص139–157)
conv_disc_42,1,user,ما المخالفة والعقوبات في **البند رقم 42** من جدول الجزاءات؟,جزاءات_تأديبية,الباب الأول > 11. الجزاءات التأديبية (ص139–157)
conv_disc_42,2,assistant,يُرجى الرجوع إلى **البند رقم 42** في جدول الجزاءات التأديبية بالدليل لمعرفة اسم المخالفة وتدرّج العقوبات. عمومًا تتدرج الجزاءات من تنبيه شفهي، ثم إنذار خطي، ثم خصم/حرمان مزايا، وصولًا إلى الفصل—بحسب خطورة وتكرار المخالفة.,جزاءات_تأديبية,الباب الأول > 11. الجزاءات التأديبية (ص139–157)
conv_disc_43,0,system,أنت مساعد انضباط مؤسسي. ارجع دومًا إلى جدول الجزاءات التأديبية المعتمد عند الإجابة، ولا تُفترض تفاصيل غير موجودة.,جزاءات_تأديبية,الباب الأول > 11. الجزاءات التأديبية (ص139–157)
conv_disc_43,1,user,ما المخالفة والعقوبات في **البند رقم 43** من جدول الجزاءات؟,جزاءات_تأديبية,الباب الأول > 11. الجزاءات التأديبية (ص139–157)
conv_disc_43,2,assistant,يُرجى الرجوع إلى **البند رقم 43** في جدول الجزاءات التأديبية بالدليل لمعرفة اسم المخالفة وتدرّج العقوبات. عمومًا تتدرج الجزاءات من تنبيه شفهي، ثم إنذار خطي، ثم خصم/حرمان مزايا، وصولًا إلى الفصل—بحسب خطورة وتكرار المخالفة.,جزاءات_تأديبية,الباب الأول > 11. الجزاءات التأديبية (ص139–157)
conv_disc_44,0,system,أنت مساعد انضباط مؤسسي. ارجع دومًا إلى جدول الجزاءات التأديبية المعتمد عند الإجابة، ولا تُفترض تفاصيل غير موجودة.,جزاءات_تأديبية,الباب الأول > 11. الجزاءات التأديبية (ص139–157)
conv_disc_44,1,user,ما المخالفة والعقوبات في **البند رقم 44** من جدول الجزاءات؟,جزاءات_تأديبية,الباب الأول > 11. الجزاءات التأديبية (ص139–157)
conv_disc_44,2,assistant,يُرجى الرجوع إلى **البند رقم 44** في جدول الجزاءات التأديبية بالدليل لمعرفة اسم المخالفة وتدرّج العقوبات. عمومًا تتدرج الجزاءات من تنبيه شفهي، ثم إنذار خطي، ثم خصم/حرمان مزايا، وصولًا إلى الفصل—بحسب خطورة وتكرار المخالفة.,جزاءات_تأديبية,الباب الأول > 11. الجزاءات التأديبية (ص139–157)
conv_disc_45,0,system,أنت مساعد انضباط مؤسسي. ارجع دومًا إلى جدول الجزاءات التأديبية المعتمد عند الإجابة، ولا تُفترض تفاصيل غير موجودة.,جزاءات_تأديبية,الباب الأول > 11. الجزاءات التأديبية (ص139–157)
conv_disc_45,1,user,ما المخالفة والعقوبات في **البند رقم 45** من جدول الجزاءات؟,جزاءات_تأديبية,الباب الأول > 11. الجزاءات التأديبية (ص139–157)
conv_disc_45,2,assistant,يُرجى الرجوع إلى **البند رقم 45** في جدول الجزاءات التأديبية بالدليل لمعرفة اسم المخالفة وتدرّج العقوبات. عمومًا تتدرج الجزاءات من تنبيه شفهي، ثم إنذار خطي، ثم خصم/حرمان مزايا، وصولًا إلى الفصل—بحسب خطورة وتكرار المخالفة.,جزاءات_تأديبية,الباب الأول > 11. الجزاءات التأديبية (ص139–157)
conv_auth_إجازة_موظف,0,system,أنت مساعد حوكمة. لا تُخمّن الأدوار، وبدلاً من ذلك ارشد المستخدم لكيفية قراءة مصفوفة الصلاحيات.,مصفوفة_الصلاحيات,الباب الثالث > مصفوفة الصلاحيات (ص493–519)
conv_auth_إجازة_موظف,1,user,كيف أحدد من يوافق على إجازة موظف؟,مصفوفة_الصلاحيات,الباب الثالث > مصفوفة الصلاحيات (ص493–519)
conv_auth_إجازة_موظف,2,assistant,يُحدَّد ذلك في **مصفوفة الصلاحيات** بالدليل. ابحث عن البند المقابل للعملية (مثلاً: إجازة موظف/طلبات شراء/الموازنة...) ثم اقرأ عبر الصف **أدوار الجهات**: `يُعد/يحضّر` (التحضير)، `يوصي/يقترح`، `يطّلع/يدرس`، `يعتمد`، `يصادق`. اتّبع ما هو منصوصٌ عليه حرفيًا في صف العملية ضمن درجات الوظائف (مجلس الإدارة، درجة 8..4).,مصفوفة_الصلاحيات,الباب الثالث > مصفوفة الصلاحيات (ص493–519)
conv_auth_طلبات_الشراء,0,system,أنت مساعد حوكمة. لا تُخمّن الأدوار، وبدلاً من ذلك ارشد المستخدم لكيفية قراءة مصفوفة الصلاحيات.,مصفوفة_الصلاحيات,الباب الثالث > مصفوفة الصلاحيات (ص493–519)
conv_auth_طلبات_الشراء,1,user,من الجهة المخولة بالموافقة على طلب الشراء؟,مصفوفة_الصلاحيات,الباب الثالث > مصفوفة الصلاحيات (ص493–519)
conv_auth_طلبات_الشراء,2,assistant,يُحدَّد ذلك في **مصفوفة الصلاحيات** بالدليل. ابحث عن البند المقابل للعملية (مثلاً: إجازة موظف/طلبات شراء/الموازنة...) ثم اقرأ عبر الصف **أدوار الجهات**: `يُعد/يحضّر` (التحضير)، `يوصي/يقترح`، `يطّلع/يدرس`، `يعتمد`، `يصادق`. اتّبع ما هو منصوصٌ عليه حرفيًا في صف العملية ضمن درجات الوظائف (مجلس الإدارة، درجة 8..4).,مصفوفة_الصلاحيات,الباب الثالث > مصفوفة الصلاحيات (ص493–519)
conv_auth_الموازنة_التقديرية,0,system,أنت مساعد حوكمة. لا تُخمّن الأدوار، وبدلاً من ذلك ارشد المستخدم لكيفية قراءة مصفوفة الصلاحيات.,مصفوفة_الصلاحيات,الباب الثالث > مصفوفة الصلاحيات (ص493–519)
conv_auth_الموازنة_التقديرية,1,user,من يعتمد الموازنة التقديرية؟,مصفوفة_الصلاحيات,الباب الثالث > مصفوفة الصلاحيات (ص493–519)
conv_auth_الموازنة_التقديرية,2,assistant,يُحدَّد ذلك في **مصفوفة الصلاحيات** بالدليل. ابحث عن البند المقابل للعملية (مثلاً: إجازة موظف/طلبات شراء/الموازنة...) ثم اقرأ عبر الصف **أدوار الجهات**: `يُعد/يحضّر` (التحضير)، `يوصي/يقترح`، `يطّلع/يدرس`، `يعتمد`، `يصادق`. اتّبع ما هو منصوصٌ عليه حرفيًا في صف العملية ضمن درجات الوظائف (مجلس الإدارة، درجة 8..4).,مصفوفة_الصلاحيات,الباب الثالث > مصفوفة الصلاحيات (ص493–519)
conv_auth_تشكيل_لجنة_تحقيق,0,system,أنت مساعد حوكمة. لا تُخمّن الأدوار، وبدلاً من ذلك ارشد المستخدم لكيفية قراءة مصفوفة الصلاحيات.,مصفوفة_الصلاحيات,الباب الثالث > مصفوفة الصلاحيات (ص493–519)
conv_auth_تشكيل_لجنة_تحقيق,1,user,من يملك صلاحية تشكيل لجنة تحقيق؟,مصفوفة_الصلاحيات,الباب الثالث > مصفوفة الصلاحيات (ص493–519)
conv_auth_تشكيل_لجنة_تحقيق,2,assistant,يُحدَّد ذلك في **مصفوفة الصلاحيات** بالدليل. ابحث عن البند المقابل للعملية (مثلاً: إجازة موظف/طلبات شراء/الموازنة...) ثم اقرأ عبر الصف **أدوار الجهات**: `يُعد/يحضّر` (التحضير)، `يوصي/يقترح`، `يطّلع/يدرس`، `يعتمد`، `يصادق`. اتّبع ما هو منصوصٌ عليه حرفيًا في صف العملية ضمن درجات الوظائف (مجلس الإدارة، درجة 8..4).,مصفوفة_الصلاحيات,الباب الثالث > مصفوفة الصلاحيات (ص493–519)
conv_auth_ترقية_موظف,0,system,أنت مساعد حوكمة. لا تُخمّن الأدوار، وبدلاً من ذلك ارشد المستخدم لكيفية قراءة مصفوفة الصلاحيات.,مصفوفة_الصلاحيات,الباب الثالث > مصفوفة الصلاحيات (ص493–519)
conv_auth_ترقية_موظف,1,user,من يعتمد قرار الترقية؟,مصفوفة_الصلاحيات,الباب الثالث > مصفوفة الصلاحيات (ص493–519)
conv_auth_ترقية_موظف,2,assistant,يُحدَّد ذلك في **مصفوفة الصلاحيات** بالدليل. ابحث عن البند المقابل للعملية (مثلاً: إجازة موظف/طلبات شراء/الموازنة...) ثم اقرأ عبر الصف **أدوار الجهات**: `يُعد/يحضّر` (التحضير)، `يوصي/يقترح`، `يطّلع/يدرس`، `يعتمد`، `يصادق`. اتّبع ما هو منصوصٌ عليه حرفيًا في صف العملية ضمن درجات الوظائف (مجلس الإدارة، درجة 8..4).,مصفوفة_الصلاحيات,الباب الثالث > مصفوفة الصلاحيات (ص493–519)
conv_auth_توقيع_جزاء,0,system,أنت مساعد حوكمة. لا تُخمّن الأدوار، وبدلاً من ذلك ارشد المستخدم لكيفية قراءة مصفوفة الصلاحيات.,مصفوفة_الصلاحيات,الباب الثالث > مصفوفة الصلاحيات (ص493–519)
conv_auth_توقيع_جزاء,1,user,من يوقّع الجزاءات؟,مصفوفة_الصلاحيات,الباب الثالث > مصفوفة الصلاحيات (ص493–519)
conv_auth_توقيع_جزاء,2,assistant,يُحدَّد ذلك في **مصفوفة الصلاحيات** بالدليل. ابحث عن البند المقابل للعملية (مثلاً: إجازة موظف/طلبات شراء/الموازنة...) ثم اقرأ عبر الصف **أدوار الجهات**: `يُعد/يحضّر` (التحضير)، `يوصي/يقترح`، `يطّلع/يدرس`، `يعتمد`، `يصادق`. اتّبع ما هو منصوصٌ عليه حرفيًا في صف العملية ضمن درجات الوظائف (مجلس الإدارة، درجة 8..4).,مصفوفة_الصلاحيات,الباب الثالث > مصفوفة الصلاحيات (ص493–519)
conv_auth_قبول_استقالة,0,system,أنت مساعد حوكمة. لا تُخمّن الأدوار، وبدلاً من ذلك ارشد المستخدم لكيفية قراءة مصفوفة الصلاحيات.,مصفوفة_الصلاحيات,الباب الثالث > مصفوفة الصلاحيات (ص493–519)
conv_auth_قبول_استقالة,1,user,من يقبل أو يرفض الاستقالة؟,مصفوفة_الصلاحيات,الباب الثالث > مصفوفة الصلاحيات (ص493–519)
conv_auth_قبول_استقالة,2,assistant,يُحدَّد ذلك في **مصفوفة الصلاحيات** بالدليل. ابحث عن البند المقابل للعملية (مثلاً: إجازة موظف/طلبات شراء/الموازنة...) ثم اقرأ عبر الصف **أدوار الجهات**: `يُعد/يحضّر` (التحضير)، `يوصي/يقترح`، `يطّلع/يدرس`، `يعتمد`، `يصادق`. اتّبع ما هو منصوصٌ عليه حرفيًا في صف العملية ضمن درجات الوظائف (مجلس الإدارة، درجة 8..4).,مصفوفة_الصلاحيات,الباب الثالث > مصفوفة الصلاحيات (ص493–519)
conv_auth_سفر_خارجي,0,system,أنت مساعد حوكمة. لا تُخمّن الأدوار، وبدلاً من ذلك ارشد المستخدم لكيفية قراءة مصفوفة الصلاحيات.,مصفوفة_الصلاحيات,الباب الثالث > مصفوفة الصلاحيات (ص493–519)
conv_auth_سفر_خارجي,1,user,من يعتمد التكليف بالسفر الخارجي؟,مصفوفة_الصلاحيات,الباب الثالث > مصفوفة الصلاحيات (ص493–519)
conv_auth_سفر_خارجي,2,assistant,يُحدَّد ذلك في **مصفوفة الصلاحيات** بالدليل. ابحث عن البند المقابل للعملية (مثلاً: إجازة موظف/طلبات شراء/الموازنة...) ثم اقرأ عبر الصف **أدوار الجهات**: `يُعد/يحضّر` (التحضير)، `يوصي/يقترح`، `يطّلع/يدرس`، `يعتمد`، `يصادق`. اتّبع ما هو منصوصٌ عليه حرفيًا في صف العملية ضمن درجات الوظائف (مجلس الإدارة، درجة 8..4).,مصفوفة_الصلاحيات,الباب الثالث > مصفوفة الصلاحيات (ص493–519)
conv_auth_فتح_حساب_مشروع,0,system,أنت مساعد حوكمة. لا تُخمّن الأدوار، وبدلاً من ذلك ارشد المستخدم لكيفية قراءة مصفوفة الصلاحيات.,مصفوفة_الصلاحيات,الباب الثالث > مصفوفة الصلاحيات (ص493–519)
conv_auth_فتح_حساب_مشروع,1,user,من يعتمد فتح حساب مشروع لدى النظام المالي؟,مصفوفة_الصلاحيات,الباب الثالث > مصفوفة الصلاحيات (ص493–519)
conv_auth_فتح_حساب_مشروع,2,assistant,يُحدَّد ذلك في **مصفوفة الصلاحيات** بالدليل. ابحث عن البند المقابل للعملية (مثلاً: إجازة موظف/طلبات شراء/الموازنة...) ثم اقرأ عبر الصف **أدوار الجهات**: `يُعد/يحضّر` (التحضير)، `يوصي/يقترح`، `يطّلع/يدرس`، `يعتمد`، `يصادق`. اتّبع ما هو منصوصٌ عليه حرفيًا في صف العملية ضمن درجات الوظائف (مجلس الإدارة، درجة 8..4).,مصفوفة_الصلاحيات,الباب الثالث > مصفوفة الصلاحيات (ص493–519)
conv_auth_نشر_مواد_إعلامية,0,system,أنت مساعد حوكمة. لا تُخمّن الأدوار، وبدلاً من ذلك ارشد المستخدم لكيفية قراءة مصفوفة الصلاحيات.,مصفوفة_الصلاحيات,الباب الثالث > مصفوفة الصلاحيات (ص493–519)
conv_auth_نشر_مواد_إعلامية,1,user,من يعتمد نشر المواد الإعلامية على المنصات؟,مصفوفة_الصلاحيات,الباب الثالث > مصفوفة الصلاحيات (ص493–519)
conv_auth_نشر_مواد_إعلامية,2,assistant,يُحدَّد ذلك في **مصفوفة الصلاحيات** بالدليل. ابحث عن البند المقابل للعملية (مثلاً: إجازة موظف/طلبات شراء/الموازنة...) ثم اقرأ عبر الصف **أدوار الجهات**: `يُعد/يحضّر` (التحضير)، `يوصي/يقترح`، `يطّلع/يدرس`، `يعتمد`، `يصادق`. اتّبع ما هو منصوصٌ عليه حرفيًا في صف العملية ضمن درجات الوظائف (مجلس الإدارة، درجة 8..4).,مصفوفة_الصلاحيات,الباب الثالث > مصفوفة الصلاحيات (ص493–519)
